"phecode","male_only","female_only"
"BI_160",FALSE,FALSE
"BI_160.1",FALSE,FALSE
"BI_160.11",FALSE,FALSE
"BI_160.2",FALSE,FALSE
"BI_160.21",FALSE,FALSE
"BI_160.22",FALSE,FALSE
"BI_160.3",FALSE,FALSE
"BI_161",FALSE,FALSE
"BI_161.2",FALSE,FALSE
"BI_161.21",FALSE,FALSE
"BI_161.22",FALSE,FALSE
"BI_161.23",FALSE,FALSE
"BI_162",FALSE,FALSE
"BI_162.1",FALSE,FALSE
"BI_162.2",FALSE,FALSE
"BI_162.3",FALSE,FALSE
"BI_162.4",FALSE,FALSE
"BI_162.8",FALSE,FALSE
"BI_162.81",FALSE,FALSE
"BI_164",FALSE,FALSE
"BI_164.1",FALSE,FALSE
"BI_164.2",FALSE,FALSE
"BI_164.3",FALSE,FALSE
"BI_164.6",FALSE,FALSE
"BI_164.7",FALSE,FALSE
"BI_164.8",FALSE,FALSE
"BI_168",FALSE,FALSE
"BI_168.1",FALSE,FALSE
"BI_168.12",FALSE,FALSE
"BI_168.15",FALSE,FALSE
"BI_168.18",FALSE,FALSE
"BI_168.2",FALSE,FALSE
"BI_168.21",FALSE,FALSE
"BI_168.211",FALSE,FALSE
"BI_168.213",FALSE,FALSE
"BI_168.214",FALSE,FALSE
"BI_168.22",FALSE,FALSE
"BI_168.3",FALSE,FALSE
"BI_168.4",FALSE,FALSE
"BI_169",FALSE,FALSE
"BI_169.1",FALSE,FALSE
"BI_169.11",FALSE,FALSE
"BI_169.12",FALSE,FALSE
"BI_169.13",FALSE,FALSE
"BI_169.14",FALSE,FALSE
"BI_169.15",FALSE,FALSE
"BI_169.2",FALSE,FALSE
"BI_170",FALSE,FALSE
"BI_170.1",FALSE,FALSE
"BI_170.12",FALSE,FALSE
"BI_170.13",FALSE,FALSE
"BI_170.14",FALSE,FALSE
"BI_170.2",FALSE,FALSE
"BI_171",FALSE,FALSE
"BI_171.1",FALSE,FALSE
"BI_171.2",FALSE,FALSE
"BI_171.3",FALSE,FALSE
"BI_171.4",FALSE,FALSE
"BI_171.5",FALSE,FALSE
"BI_171.6",FALSE,FALSE
"BI_171.7",FALSE,FALSE
"BI_171.71",FALSE,FALSE
"BI_171.711",FALSE,FALSE
"BI_172",FALSE,FALSE
"BI_172.1",FALSE,FALSE
"BI_172.3",FALSE,FALSE
"BI_174",FALSE,FALSE
"BI_174.1",FALSE,FALSE
"BI_174.2",FALSE,FALSE
"BI_174.21",FALSE,FALSE
"BI_174.22",FALSE,FALSE
"BI_174.23",FALSE,FALSE
"BI_174.5",FALSE,FALSE
"BI_174.6",FALSE,FALSE
"BI_174.7",FALSE,FALSE
"BI_175",FALSE,FALSE
"BI_175.2",FALSE,FALSE
"BI_176",FALSE,FALSE
"BI_176.1",FALSE,FALSE
"BI_177",FALSE,FALSE
"BI_177.1",FALSE,FALSE
"BI_177.11",FALSE,FALSE
"BI_177.12",FALSE,FALSE
"BI_177.13",FALSE,FALSE
"BI_177.2",FALSE,FALSE
"BI_177.3",FALSE,FALSE
"BI_177.4",FALSE,FALSE
"BI_177.41",FALSE,FALSE
"BI_179",FALSE,FALSE
"BI_179.1",FALSE,FALSE
"BI_179.4",FALSE,FALSE
"BI_179.5",FALSE,FALSE
"BI_179.6",FALSE,FALSE
"BI_179.7",FALSE,FALSE
"BI_179.8",FALSE,FALSE
"BI_179.9",FALSE,FALSE
"BI_180",FALSE,FALSE
"BI_180.2",FALSE,FALSE
"BI_180.3",FALSE,FALSE
"BI_180.31",FALSE,FALSE
"BI_180.33",FALSE,FALSE
"BI_180.34",FALSE,FALSE
"BI_180.4",FALSE,FALSE
"BI_180.6",FALSE,FALSE
"BI_180.7",FALSE,FALSE
"BI_181",FALSE,FALSE
"CA_100",FALSE,FALSE
"CA_100.1",FALSE,FALSE
"CA_100.12",FALSE,FALSE
"CA_100.13",FALSE,FALSE
"CA_100.14",FALSE,FALSE
"CA_100.15",FALSE,FALSE
"CA_100.2",FALSE,FALSE
"CA_100.3",FALSE,FALSE
"CA_100.4",FALSE,FALSE
"CA_100.5",FALSE,FALSE
"CA_100.6",FALSE,FALSE
"CA_100.7",FALSE,FALSE
"CA_100.8",FALSE,FALSE
"CA_100.9",FALSE,FALSE
"CA_101",FALSE,FALSE
"CA_101.1",FALSE,FALSE
"CA_101.2",FALSE,FALSE
"CA_101.21",FALSE,FALSE
"CA_101.3",FALSE,FALSE
"CA_101.4",FALSE,FALSE
"CA_101.41",FALSE,FALSE
"CA_101.411",FALSE,FALSE
"CA_101.412",FALSE,FALSE
"CA_101.42",FALSE,FALSE
"CA_101.6",FALSE,FALSE
"CA_101.61",FALSE,FALSE
"CA_101.62",FALSE,FALSE
"CA_101.7",FALSE,FALSE
"CA_101.71",FALSE,FALSE
"CA_101.8",FALSE,FALSE
"CA_102",FALSE,FALSE
"CA_102.1",FALSE,FALSE
"CA_102.3",FALSE,FALSE
"CA_102.5",FALSE,FALSE
"CA_102.51",FALSE,FALSE
"CA_102.52",FALSE,FALSE
"CA_102.53",FALSE,FALSE
"CA_102.54",FALSE,FALSE
"CA_103",FALSE,FALSE
"CA_103.1",FALSE,FALSE
"CA_103.2",FALSE,FALSE
"CA_103.21",FALSE,FALSE
"CA_103.22",FALSE,FALSE
"CA_103.3",FALSE,FALSE
"CA_104",FALSE,FALSE
"CA_104.1",FALSE,FALSE
"CA_104.2",FALSE,FALSE
"CA_104.3",FALSE,FALSE
"CA_104.4",FALSE,FALSE
"CA_104.5",FALSE,FALSE
"CA_104.6",FALSE,FALSE
"CA_105",FALSE,FALSE
"CA_105.1",FALSE,TRUE
"CA_105.2",TRUE,FALSE
"CA_106",FALSE,TRUE
"CA_106.1",FALSE,TRUE
"CA_106.11",FALSE,TRUE
"CA_106.12",FALSE,TRUE
"CA_106.13",FALSE,TRUE
"CA_106.2",FALSE,TRUE
"CA_106.21",FALSE,TRUE
"CA_106.3",FALSE,TRUE
"CA_106.4",FALSE,TRUE
"CA_106.6",FALSE,TRUE
"CA_107",TRUE,FALSE
"CA_107.1",TRUE,FALSE
"CA_107.2",TRUE,FALSE
"CA_107.3",TRUE,FALSE
"CA_107.4",TRUE,FALSE
"CA_107.5",TRUE,FALSE
"CA_107.6",TRUE,FALSE
"CA_108",FALSE,FALSE
"CA_108.4",FALSE,FALSE
"CA_108.41",FALSE,FALSE
"CA_108.42",FALSE,FALSE
"CA_108.5",FALSE,FALSE
"CA_108.6",FALSE,FALSE
"CA_108.7",FALSE,FALSE
"CA_109",FALSE,FALSE
"CA_109.1",FALSE,FALSE
"CA_109.11",FALSE,FALSE
"CA_109.12",FALSE,FALSE
"CA_109.13",FALSE,FALSE
"CA_109.14",FALSE,FALSE
"CA_109.15",FALSE,FALSE
"CA_109.16",FALSE,FALSE
"CA_109.2",FALSE,FALSE
"CA_109.3",FALSE,FALSE
"CA_109.4",FALSE,FALSE
"CA_109.5",FALSE,FALSE
"CA_110",FALSE,FALSE
"CA_110.1",FALSE,FALSE
"CA_110.3",FALSE,FALSE
"CA_110.4",FALSE,FALSE
"CA_110.5",FALSE,FALSE
"CA_112",FALSE,FALSE
"CA_112.1",FALSE,FALSE
"CA_114",FALSE,FALSE
"CA_114.1",FALSE,FALSE
"CA_114.11",FALSE,FALSE
"CA_114.12",FALSE,FALSE
"CA_114.2",FALSE,FALSE
"CA_114.4",FALSE,FALSE
"CA_114.41",FALSE,FALSE
"CA_114.42",FALSE,FALSE
"CA_114.43",FALSE,FALSE
"CA_114.44",FALSE,FALSE
"CA_114.45",FALSE,FALSE
"CA_114.5",FALSE,FALSE
"CA_114.6",FALSE,FALSE
"CA_116",FALSE,FALSE
"CA_120",FALSE,FALSE
"CA_120.1",FALSE,FALSE
"CA_120.11",FALSE,FALSE
"CA_120.12",FALSE,FALSE
"CA_120.13",FALSE,FALSE
"CA_120.14",FALSE,FALSE
"CA_120.15",FALSE,FALSE
"CA_120.2",FALSE,FALSE
"CA_120.21",FALSE,FALSE
"CA_120.22",FALSE,FALSE
"CA_120.3",FALSE,FALSE
"CA_121",FALSE,FALSE
"CA_121.1",FALSE,FALSE
"CA_121.11",FALSE,FALSE
"CA_121.12",FALSE,FALSE
"CA_121.2",FALSE,FALSE
"CA_121.21",FALSE,FALSE
"CA_121.22",FALSE,FALSE
"CA_121.23",FALSE,FALSE
"CA_122",FALSE,FALSE
"CA_122.1",FALSE,FALSE
"CA_122.11",FALSE,FALSE
"CA_122.2",FALSE,FALSE
"CA_122.21",FALSE,FALSE
"CA_122.22",FALSE,FALSE
"CA_122.23",FALSE,FALSE
"CA_122.24",FALSE,FALSE
"CA_122.25",FALSE,FALSE
"CA_122.26",FALSE,FALSE
"CA_123",FALSE,FALSE
"CA_123.1",FALSE,FALSE
"CA_124",FALSE,FALSE
"CA_124.3",FALSE,FALSE
"CA_124.5",FALSE,FALSE
"CA_124.6",FALSE,FALSE
"CA_124.7",FALSE,FALSE
"CA_124.8",FALSE,FALSE
"CA_125",FALSE,FALSE
"CA_125.1",FALSE,FALSE
"CA_128",FALSE,FALSE
"CA_128.1",FALSE,FALSE
"CA_128.2",FALSE,FALSE
"CA_130",FALSE,FALSE
"CA_132",FALSE,FALSE
"CA_135",FALSE,FALSE
"CA_135.1",FALSE,FALSE
"CA_135.11",FALSE,FALSE
"CA_135.12",FALSE,FALSE
"CA_135.14",FALSE,FALSE
"CA_135.16",FALSE,FALSE
"CA_135.2",FALSE,FALSE
"CA_135.3",FALSE,FALSE
"CA_135.4",FALSE,FALSE
"CA_135.5",FALSE,FALSE
"CA_135.6",FALSE,FALSE
"CA_136",FALSE,FALSE
"CA_136.1",FALSE,FALSE
"CA_136.2",FALSE,FALSE
"CA_136.3",FALSE,FALSE
"CA_136.4",FALSE,FALSE
"CA_136.41",FALSE,FALSE
"CA_136.42",FALSE,FALSE
"CA_136.6",FALSE,FALSE
"CA_136.61",FALSE,FALSE
"CA_136.8",FALSE,FALSE
"CA_137",FALSE,FALSE
"CA_137.1",FALSE,FALSE
"CA_137.3",FALSE,FALSE
"CA_137.5",FALSE,FALSE
"CA_137.51",FALSE,FALSE
"CA_137.52",FALSE,FALSE
"CA_137.53",FALSE,FALSE
"CA_137.54",FALSE,FALSE
"CA_138",FALSE,FALSE
"CA_138.1",FALSE,FALSE
"CA_138.2",FALSE,FALSE
"CA_139",FALSE,FALSE
"CA_139.1",FALSE,FALSE
"CA_139.2",FALSE,FALSE
"CA_139.3",FALSE,FALSE
"CA_139.4",FALSE,FALSE
"CA_139.5",FALSE,FALSE
"CA_139.51",FALSE,FALSE
"CA_139.52",FALSE,FALSE
"CA_139.53",FALSE,FALSE
"CA_139.54",TRUE,FALSE
"CA_139.6",FALSE,FALSE
"CA_139.61",FALSE,FALSE
"CA_139.62",FALSE,FALSE
"CA_140",FALSE,FALSE
"CA_142",FALSE,FALSE
"CA_142.1",FALSE,FALSE
"CA_142.2",FALSE,FALSE
"CA_142.21",FALSE,FALSE
"CA_144",FALSE,TRUE
"CA_144.1",FALSE,TRUE
"CA_144.11",FALSE,TRUE
"CA_144.12",FALSE,TRUE
"CA_144.13",FALSE,TRUE
"CA_144.2",FALSE,TRUE
"CA_144.21",FALSE,TRUE
"CA_144.3",FALSE,TRUE
"CA_144.4",FALSE,TRUE
"CA_146",TRUE,FALSE
"CA_146.1",TRUE,FALSE
"CA_146.2",TRUE,FALSE
"CA_146.3",TRUE,FALSE
"CA_146.31",TRUE,FALSE
"CA_146.32",TRUE,FALSE
"CA_147",FALSE,FALSE
"CA_147.1",FALSE,FALSE
"CA_147.2",FALSE,FALSE
"CA_147.3",FALSE,FALSE
"CA_147.4",FALSE,FALSE
"CA_148",FALSE,FALSE
"CA_148.1",FALSE,FALSE
"CA_148.11",FALSE,FALSE
"CA_148.12",FALSE,FALSE
"CA_148.13",FALSE,FALSE
"CA_148.14",FALSE,FALSE
"CA_148.15",FALSE,FALSE
"CA_148.16",FALSE,FALSE
"CA_148.2",FALSE,FALSE
"CA_148.3",FALSE,FALSE
"CA_148.4",FALSE,FALSE
"CA_148.5",FALSE,FALSE
"CA_149",FALSE,FALSE
"CA_149.1",FALSE,FALSE
"CA_149.3",FALSE,FALSE
"CA_149.4",FALSE,FALSE
"CA_149.5",FALSE,FALSE
"CA_152",FALSE,FALSE
"CA_153",FALSE,FALSE
"CM_750",FALSE,FALSE
"CM_750.1",FALSE,FALSE
"CM_750.11",FALSE,FALSE
"CM_750.111",FALSE,FALSE
"CM_750.112",FALSE,FALSE
"CM_750.113",FALSE,FALSE
"CM_750.114",FALSE,FALSE
"CM_750.115",FALSE,FALSE
"CM_750.12",FALSE,FALSE
"CM_750.13",FALSE,FALSE
"CM_750.14",FALSE,FALSE
"CM_750.15",FALSE,FALSE
"CM_750.151",FALSE,FALSE
"CM_750.152",FALSE,FALSE
"CM_750.16",FALSE,FALSE
"CM_750.2",FALSE,FALSE
"CM_750.21",FALSE,FALSE
"CM_750.22",FALSE,FALSE
"CM_750.23",FALSE,FALSE
"CM_750.24",FALSE,FALSE
"CM_750.26",FALSE,FALSE
"CM_750.27",FALSE,FALSE
"CM_751",FALSE,FALSE
"CM_751.1",FALSE,FALSE
"CM_751.11",FALSE,FALSE
"CM_751.111",FALSE,FALSE
"CM_751.112",FALSE,FALSE
"CM_751.113",FALSE,FALSE
"CM_751.2",FALSE,FALSE
"CM_751.21",FALSE,FALSE
"CM_751.211",FALSE,FALSE
"CM_751.212",FALSE,FALSE
"CM_751.213",FALSE,FALSE
"CM_751.214",FALSE,FALSE
"CM_751.215",FALSE,FALSE
"CM_751.22",FALSE,FALSE
"CM_751.221",FALSE,FALSE
"CM_751.222",FALSE,FALSE
"CM_751.23",FALSE,FALSE
"CM_751.231",FALSE,FALSE
"CM_751.24",FALSE,FALSE
"CM_751.241",FALSE,FALSE
"CM_751.3",FALSE,FALSE
"CM_751.31",FALSE,FALSE
"CM_751.32",FALSE,FALSE
"CM_751.33",FALSE,FALSE
"CM_751.34",FALSE,FALSE
"CM_751.4",FALSE,FALSE
"CM_751.5",FALSE,FALSE
"CM_751.6",FALSE,FALSE
"CM_751.7",FALSE,FALSE
"CM_751.71",FALSE,FALSE
"CM_751.711",FALSE,FALSE
"CM_751.8",FALSE,FALSE
"CM_752",FALSE,FALSE
"CM_752.1",FALSE,FALSE
"CM_752.11",FALSE,FALSE
"CM_752.12",FALSE,FALSE
"CM_752.2",FALSE,FALSE
"CM_752.3",FALSE,FALSE
"CM_752.4",FALSE,FALSE
"CM_752.5",FALSE,FALSE
"CM_752.6",FALSE,FALSE
"CM_752.7",FALSE,FALSE
"CM_752.8",FALSE,FALSE
"CM_753",FALSE,FALSE
"CM_753.1",FALSE,FALSE
"CM_753.2",FALSE,FALSE
"CM_753.3",FALSE,FALSE
"CM_754",FALSE,FALSE
"CM_754.1",FALSE,FALSE
"CM_754.11",FALSE,FALSE
"CM_754.111",FALSE,FALSE
"CM_754.12",FALSE,FALSE
"CM_754.14",FALSE,FALSE
"CM_754.3",FALSE,FALSE
"CM_754.31",FALSE,FALSE
"CM_754.32",FALSE,FALSE
"CM_754.4",FALSE,FALSE
"CM_754.41",FALSE,FALSE
"CM_754.42",FALSE,FALSE
"CM_754.5",FALSE,FALSE
"CM_754.52",FALSE,FALSE
"CM_754.6",FALSE,FALSE
"CM_754.7",FALSE,FALSE
"CM_754.71",FALSE,FALSE
"CM_755",FALSE,FALSE
"CM_755.1",FALSE,FALSE
"CM_755.2",FALSE,FALSE
"CM_755.21",FALSE,FALSE
"CM_755.22",FALSE,FALSE
"CM_755.23",FALSE,FALSE
"CM_755.3",FALSE,FALSE
"CM_755.31",FALSE,FALSE
"CM_755.4",FALSE,FALSE
"CM_755.5",FALSE,FALSE
"CM_755.6",FALSE,FALSE
"CM_755.61",FALSE,FALSE
"CM_755.62",FALSE,FALSE
"CM_755.63",FALSE,FALSE
"CM_755.7",FALSE,FALSE
"CM_757",FALSE,FALSE
"CM_757.1",FALSE,FALSE
"CM_757.11",FALSE,FALSE
"CM_757.111",FALSE,FALSE
"CM_757.12",FALSE,FALSE
"CM_757.13",FALSE,FALSE
"CM_757.2",FALSE,FALSE
"CM_757.21",FALSE,FALSE
"CM_757.22",FALSE,FALSE
"CM_758",FALSE,FALSE
"CM_758.1",FALSE,FALSE
"CM_758.11",FALSE,FALSE
"CM_758.12",FALSE,FALSE
"CM_758.13",FALSE,FALSE
"CM_758.131",FALSE,FALSE
"CM_758.132",FALSE,FALSE
"CM_758.14",FALSE,FALSE
"CM_758.15",FALSE,FALSE
"CM_758.16",FALSE,FALSE
"CM_758.17",FALSE,FALSE
"CM_758.2",FALSE,FALSE
"CM_758.21",FALSE,FALSE
"CM_758.22",FALSE,FALSE
"CM_758.3",FALSE,FALSE
"CM_758.31",FALSE,FALSE
"CM_760",FALSE,FALSE
"CM_760.1",FALSE,TRUE
"CM_760.11",FALSE,TRUE
"CM_760.111",FALSE,TRUE
"CM_760.112",FALSE,TRUE
"CM_760.12",FALSE,TRUE
"CM_760.13",FALSE,TRUE
"CM_760.131",FALSE,TRUE
"CM_760.132",FALSE,TRUE
"CM_760.133",FALSE,TRUE
"CM_760.134",FALSE,TRUE
"CM_760.135",FALSE,TRUE
"CM_760.15",FALSE,TRUE
"CM_760.151",FALSE,TRUE
"CM_760.152",FALSE,TRUE
"CM_760.153",FALSE,TRUE
"CM_760.16",FALSE,TRUE
"CM_760.161",FALSE,TRUE
"CM_760.17",FALSE,TRUE
"CM_760.18",FALSE,TRUE
"CM_760.2",TRUE,FALSE
"CM_760.21",TRUE,FALSE
"CM_760.211",TRUE,FALSE
"CM_760.212",TRUE,FALSE
"CM_760.213",TRUE,FALSE
"CM_760.214",TRUE,FALSE
"CM_760.215",TRUE,FALSE
"CM_760.22",TRUE,FALSE
"CM_760.221",TRUE,FALSE
"CM_760.222",TRUE,FALSE
"CM_760.223",TRUE,FALSE
"CM_760.224",TRUE,FALSE
"CM_760.225",TRUE,FALSE
"CM_760.226",TRUE,FALSE
"CM_760.227",TRUE,FALSE
"CM_760.25",TRUE,FALSE
"CM_760.26",TRUE,FALSE
"CM_760.3",FALSE,FALSE
"CM_761",FALSE,FALSE
"CM_761.1",FALSE,FALSE
"CM_761.11",FALSE,FALSE
"CM_761.111",FALSE,FALSE
"CM_761.112",FALSE,FALSE
"CM_761.12",FALSE,FALSE
"CM_761.13",FALSE,FALSE
"CM_761.131",FALSE,FALSE
"CM_761.16",FALSE,FALSE
"CM_761.17",FALSE,FALSE
"CM_761.18",FALSE,FALSE
"CM_761.19",FALSE,FALSE
"CM_761.2",FALSE,FALSE
"CM_761.21",FALSE,FALSE
"CM_761.211",FALSE,FALSE
"CM_761.212",FALSE,FALSE
"CM_761.23",FALSE,FALSE
"CM_761.24",FALSE,FALSE
"CM_761.25",FALSE,FALSE
"CM_761.26",FALSE,FALSE
"CM_761.3",FALSE,FALSE
"CM_761.31",FALSE,FALSE
"CM_761.32",FALSE,FALSE
"CM_761.33",FALSE,FALSE
"CM_761.34",FALSE,FALSE
"CM_761.35",FALSE,FALSE
"CM_762",FALSE,FALSE
"CM_762.1",FALSE,FALSE
"CM_762.11",FALSE,FALSE
"CM_762.12",FALSE,FALSE
"CM_762.13",FALSE,FALSE
"CM_762.14",FALSE,FALSE
"CM_762.15",FALSE,FALSE
"CM_762.2",FALSE,FALSE
"CM_762.3",FALSE,FALSE
"CM_762.31",FALSE,FALSE
"CM_762.32",FALSE,FALSE
"CM_762.33",FALSE,FALSE
"CM_762.34",FALSE,FALSE
"CM_762.35",FALSE,FALSE
"CM_763",FALSE,FALSE
"CM_763.1",FALSE,FALSE
"CM_763.11",FALSE,FALSE
"CM_763.12",FALSE,FALSE
"CM_763.13",FALSE,FALSE
"CM_763.14",FALSE,FALSE
"CM_763.141",FALSE,FALSE
"CM_763.142",FALSE,FALSE
"CM_763.143",FALSE,FALSE
"CM_763.144",FALSE,FALSE
"CM_763.145",FALSE,FALSE
"CM_763.146",FALSE,FALSE
"CM_763.147",FALSE,FALSE
"CM_763.15",FALSE,FALSE
"CM_763.151",FALSE,FALSE
"CM_763.152",FALSE,FALSE
"CM_763.153",FALSE,FALSE
"CM_763.16",FALSE,FALSE
"CM_763.17",FALSE,FALSE
"CM_763.18",FALSE,FALSE
"CM_763.2",FALSE,FALSE
"CM_763.21",FALSE,FALSE
"CM_763.211",FALSE,FALSE
"CM_763.212",FALSE,FALSE
"CM_763.213",FALSE,FALSE
"CM_763.22",FALSE,FALSE
"CM_763.221",FALSE,FALSE
"CM_763.222",FALSE,FALSE
"CM_763.23",FALSE,FALSE
"CM_763.231",FALSE,FALSE
"CM_763.232",FALSE,FALSE
"CM_763.233",FALSE,FALSE
"CM_763.234",FALSE,FALSE
"CM_763.24",FALSE,FALSE
"CM_763.3",FALSE,FALSE
"CM_763.31",FALSE,FALSE
"CM_763.32",FALSE,FALSE
"CM_763.321",FALSE,FALSE
"CM_763.33",FALSE,FALSE
"CM_763.34",FALSE,FALSE
"CM_763.35",FALSE,FALSE
"CM_763.36",FALSE,FALSE
"CM_763.4",FALSE,FALSE
"CM_763.5",FALSE,FALSE
"CM_763.6",FALSE,FALSE
"CM_763.7",FALSE,FALSE
"CM_763.8",FALSE,FALSE
"CM_763.9",FALSE,FALSE
"CM_764",FALSE,FALSE
"CM_764.1",FALSE,FALSE
"CM_764.11",FALSE,FALSE
"CM_764.12",FALSE,FALSE
"CM_764.2",FALSE,FALSE
"CM_764.3",FALSE,FALSE
"CM_764.5",FALSE,FALSE
"CM_765",FALSE,FALSE
"CM_765.1",FALSE,FALSE
"CM_765.11",FALSE,FALSE
"CM_765.2",FALSE,FALSE
"CM_765.3",FALSE,FALSE
"CM_766",FALSE,FALSE
"CM_766.1",FALSE,FALSE
"CM_766.11",FALSE,FALSE
"CM_766.12",FALSE,FALSE
"CM_766.13",FALSE,FALSE
"CM_766.2",FALSE,FALSE
"CM_766.21",FALSE,FALSE
"CM_766.22",FALSE,FALSE
"CM_767",FALSE,FALSE
"CM_767.1",FALSE,FALSE
"CM_767.11",FALSE,FALSE
"CM_767.12",FALSE,FALSE
"CM_767.2",FALSE,FALSE
"CM_767.21",FALSE,FALSE
"CM_767.22",FALSE,FALSE
"CM_767.3",FALSE,FALSE
"CM_767.6",FALSE,FALSE
"CM_768",FALSE,FALSE
"CM_768.1",FALSE,FALSE
"CM_768.11",FALSE,FALSE
"CM_768.12",FALSE,FALSE
"CM_768.2",FALSE,FALSE
"CM_768.21",FALSE,FALSE
"CM_769",FALSE,FALSE
"CM_769.1",FALSE,FALSE
"CM_769.2",FALSE,FALSE
"CM_769.3",FALSE,FALSE
"CM_769.4",FALSE,FALSE
"CM_769.7",FALSE,FALSE
"CM_770",FALSE,FALSE
"CM_770.1",FALSE,FALSE
"CM_770.11",FALSE,FALSE
"CM_770.2",FALSE,FALSE
"CM_770.21",FALSE,FALSE
"CM_770.22",FALSE,FALSE
"CM_770.23",FALSE,FALSE
"CM_770.3",FALSE,FALSE
"CM_770.4",FALSE,FALSE
"CM_770.5",FALSE,FALSE
"CM_771",FALSE,FALSE
"CM_771.1",FALSE,FALSE
"CM_771.11",FALSE,FALSE
"CM_771.14",FALSE,FALSE
"CM_771.2",FALSE,FALSE
"CM_771.3",FALSE,FALSE
"CM_771.4",FALSE,FALSE
"CM_772",FALSE,FALSE
"CM_772.1",FALSE,FALSE
"CM_772.11",FALSE,FALSE
"CM_772.2",FALSE,FALSE
"CM_772.3",FALSE,FALSE
"CM_773",FALSE,FALSE
"CM_773.1",FALSE,FALSE
"CM_774",FALSE,FALSE
"CM_774.1",FALSE,FALSE
"CM_774.2",FALSE,FALSE
"CM_775",FALSE,FALSE
"CM_776",FALSE,FALSE
"CM_777",FALSE,FALSE
"CM_777.1",FALSE,FALSE
"CM_778",FALSE,FALSE
"CV_400",FALSE,FALSE
"CV_400.1",FALSE,FALSE
"CV_400.2",FALSE,FALSE
"CV_401",FALSE,FALSE
"CV_401.1",FALSE,FALSE
"CV_401.2",FALSE,FALSE
"CV_401.6",FALSE,FALSE
"CV_401.61",FALSE,FALSE
"CV_401.7",FALSE,FALSE
"CV_402",FALSE,FALSE
"CV_403",FALSE,FALSE
"CV_403.1",FALSE,FALSE
"CV_404",FALSE,FALSE
"CV_404.1",FALSE,FALSE
"CV_404.11",FALSE,FALSE
"CV_404.2",FALSE,FALSE
"CV_404.22",FALSE,FALSE
"CV_404.23",FALSE,FALSE
"CV_406",FALSE,FALSE
"CV_406.1",FALSE,FALSE
"CV_406.11",FALSE,FALSE
"CV_406.12",FALSE,FALSE
"CV_406.16",FALSE,FALSE
"CV_406.2",FALSE,FALSE
"CV_408",FALSE,FALSE
"CV_410",FALSE,FALSE
"CV_410.1",FALSE,FALSE
"CV_410.2",FALSE,FALSE
"CV_410.3",FALSE,FALSE
"CV_411",FALSE,FALSE
"CV_411.1",FALSE,FALSE
"CV_411.2",FALSE,FALSE
"CV_411.3",FALSE,FALSE
"CV_413",FALSE,FALSE
"CV_413.1",FALSE,FALSE
"CV_413.11",FALSE,FALSE
"CV_413.12",FALSE,FALSE
"CV_413.13",FALSE,FALSE
"CV_413.2",FALSE,FALSE
"CV_413.21",FALSE,FALSE
"CV_413.22",FALSE,FALSE
"CV_413.3",FALSE,FALSE
"CV_413.31",FALSE,FALSE
"CV_413.32",FALSE,FALSE
"CV_413.4",FALSE,FALSE
"CV_413.41",FALSE,FALSE
"CV_413.42",FALSE,FALSE
"CV_413.6",FALSE,FALSE
"CV_414",FALSE,FALSE
"CV_414.1",FALSE,FALSE
"CV_414.11",FALSE,FALSE
"CV_414.2",FALSE,FALSE
"CV_414.3",FALSE,FALSE
"CV_414.5",FALSE,FALSE
"CV_414.6",FALSE,FALSE
"CV_414.7",FALSE,FALSE
"CV_414.8",FALSE,FALSE
"CV_414.9",FALSE,FALSE
"CV_416",FALSE,FALSE
"CV_416.1",FALSE,FALSE
"CV_416.11",FALSE,FALSE
"CV_416.12",FALSE,FALSE
"CV_416.121",FALSE,FALSE
"CV_416.2",FALSE,FALSE
"CV_416.21",FALSE,FALSE
"CV_416.211",FALSE,FALSE
"CV_416.212",FALSE,FALSE
"CV_416.213",FALSE,FALSE
"CV_416.214",FALSE,FALSE
"CV_416.22",FALSE,FALSE
"CV_416.221",FALSE,FALSE
"CV_416.222",FALSE,FALSE
"CV_416.3",FALSE,FALSE
"CV_416.31",FALSE,FALSE
"CV_416.32",FALSE,FALSE
"CV_416.4",FALSE,FALSE
"CV_416.41",FALSE,FALSE
"CV_416.411",FALSE,FALSE
"CV_416.412",FALSE,FALSE
"CV_416.413",FALSE,FALSE
"CV_416.42",FALSE,FALSE
"CV_416.43",FALSE,FALSE
"CV_416.5",FALSE,FALSE
"CV_416.51",FALSE,FALSE
"CV_416.52",FALSE,FALSE
"CV_416.6",FALSE,FALSE
"CV_416.7",FALSE,FALSE
"CV_416.71",FALSE,FALSE
"CV_416.8",FALSE,FALSE
"CV_417",FALSE,FALSE
"CV_417.1",FALSE,FALSE
"CV_417.2",FALSE,FALSE
"CV_417.3",FALSE,FALSE
"CV_418",FALSE,FALSE
"CV_418.1",FALSE,FALSE
"CV_418.2",FALSE,FALSE
"CV_419",FALSE,FALSE
"CV_419.1",FALSE,FALSE
"CV_419.2",FALSE,FALSE
"CV_420",FALSE,FALSE
"CV_423",FALSE,FALSE
"CV_423.1",FALSE,FALSE
"CV_424",FALSE,FALSE
"CV_424.1",FALSE,FALSE
"CV_424.2",FALSE,FALSE
"CV_424.3",FALSE,FALSE
"CV_424.4",FALSE,FALSE
"CV_424.5",FALSE,FALSE
"CV_424.7",FALSE,FALSE
"CV_425",FALSE,FALSE
"CV_426",FALSE,FALSE
"CV_430",FALSE,FALSE
"CV_430.1",FALSE,FALSE
"CV_430.2",FALSE,FALSE
"CV_430.3",FALSE,FALSE
"CV_430.4",FALSE,FALSE
"CV_431",FALSE,FALSE
"CV_431.1",FALSE,FALSE
"CV_431.11",FALSE,FALSE
"CV_431.12",FALSE,FALSE
"CV_431.13",FALSE,FALSE
"CV_431.14",FALSE,FALSE
"CV_431.15",FALSE,FALSE
"CV_431.2",FALSE,FALSE
"CV_433",FALSE,FALSE
"CV_433.1",FALSE,FALSE
"CV_433.2",FALSE,FALSE
"CV_433.21",FALSE,FALSE
"CV_433.3",FALSE,FALSE
"CV_433.31",FALSE,FALSE
"CV_433.32",FALSE,FALSE
"CV_433.34",FALSE,FALSE
"CV_433.4",FALSE,FALSE
"CV_436",FALSE,FALSE
"CV_436.1",FALSE,FALSE
"CV_436.2",FALSE,FALSE
"CV_436.23",FALSE,FALSE
"CV_436.3",FALSE,FALSE
"CV_436.4",FALSE,FALSE
"CV_436.5",FALSE,FALSE
"CV_438",FALSE,FALSE
"CV_438.1",FALSE,FALSE
"CV_438.11",FALSE,FALSE
"CV_438.12",FALSE,FALSE
"CV_438.13",FALSE,FALSE
"CV_438.14",FALSE,FALSE
"CV_438.2",FALSE,FALSE
"CV_438.3",FALSE,FALSE
"CV_438.4",FALSE,FALSE
"CV_438.41",FALSE,FALSE
"CV_438.42",FALSE,FALSE
"CV_438.43",FALSE,FALSE
"CV_438.5",FALSE,FALSE
"CV_438.6",FALSE,FALSE
"CV_438.7",FALSE,FALSE
"CV_438.8",FALSE,FALSE
"CV_438.9",FALSE,FALSE
"CV_439",FALSE,FALSE
"CV_440",FALSE,FALSE
"CV_440.1",FALSE,FALSE
"CV_440.11",FALSE,FALSE
"CV_440.12",FALSE,FALSE
"CV_440.13",FALSE,FALSE
"CV_440.14",FALSE,FALSE
"CV_440.15",FALSE,FALSE
"CV_440.2",FALSE,FALSE
"CV_440.21",FALSE,FALSE
"CV_440.22",FALSE,FALSE
"CV_440.3",FALSE,FALSE
"CV_440.4",FALSE,FALSE
"CV_441",FALSE,FALSE
"CV_441.1",FALSE,FALSE
"CV_441.2",FALSE,FALSE
"CV_441.3",FALSE,FALSE
"CV_441.4",FALSE,FALSE
"CV_441.5",FALSE,FALSE
"CV_442",FALSE,FALSE
"CV_443",FALSE,FALSE
"CV_443.1",FALSE,FALSE
"CV_443.2",FALSE,FALSE
"CV_443.3",FALSE,FALSE
"CV_443.4",FALSE,FALSE
"CV_444",FALSE,FALSE
"CV_444.1",FALSE,FALSE
"CV_444.11",FALSE,FALSE
"CV_444.12",TRUE,FALSE
"CV_444.13",FALSE,FALSE
"CV_444.14",FALSE,TRUE
"CV_444.15",TRUE,FALSE
"CV_444.5",FALSE,FALSE
"CV_444.6",FALSE,FALSE
"CV_446",FALSE,FALSE
"CV_446.2",FALSE,FALSE
"CV_447",FALSE,FALSE
"CV_448",FALSE,FALSE
"CV_448.1",FALSE,FALSE
"CV_448.2",FALSE,FALSE
"CV_448.9",FALSE,FALSE
"CV_449",FALSE,FALSE
"CV_452",FALSE,FALSE
"DE_660",FALSE,FALSE
"DE_660.1",FALSE,FALSE
"DE_660.11",FALSE,FALSE
"DE_660.12",FALSE,FALSE
"DE_660.121",FALSE,FALSE
"DE_660.122",FALSE,FALSE
"DE_660.123",FALSE,FALSE
"DE_660.124",FALSE,FALSE
"DE_660.13",FALSE,FALSE
"DE_660.2",FALSE,FALSE
"DE_660.21",FALSE,FALSE
"DE_660.22",FALSE,FALSE
"DE_660.23",FALSE,FALSE
"DE_660.4",FALSE,FALSE
"DE_660.6",FALSE,FALSE
"DE_661",FALSE,FALSE
"DE_662",FALSE,FALSE
"DE_663",FALSE,FALSE
"DE_663.1",FALSE,FALSE
"DE_663.11",FALSE,FALSE
"DE_663.12",FALSE,FALSE
"DE_663.2",FALSE,FALSE
"DE_663.3",FALSE,FALSE
"DE_663.4",FALSE,FALSE
"DE_663.6",FALSE,FALSE
"DE_664",FALSE,FALSE
"DE_664.1",FALSE,FALSE
"DE_664.2",FALSE,FALSE
"DE_664.3",FALSE,FALSE
"DE_664.4",FALSE,FALSE
"DE_664.41",FALSE,FALSE
"DE_664.42",FALSE,FALSE
"DE_665",FALSE,FALSE
"DE_666",FALSE,FALSE
"DE_666.1",FALSE,FALSE
"DE_666.2",FALSE,FALSE
"DE_666.3",FALSE,FALSE
"DE_666.4",FALSE,FALSE
"DE_666.5",FALSE,FALSE
"DE_666.6",FALSE,FALSE
"DE_667",FALSE,FALSE
"DE_667.1",FALSE,FALSE
"DE_667.2",FALSE,FALSE
"DE_667.4",FALSE,FALSE
"DE_667.5",FALSE,FALSE
"DE_668",FALSE,FALSE
"DE_668.1",FALSE,FALSE
"DE_668.2",FALSE,FALSE
"DE_668.3",FALSE,FALSE
"DE_668.4",FALSE,FALSE
"DE_668.5",FALSE,FALSE
"DE_668.6",FALSE,FALSE
"DE_668.7",FALSE,FALSE
"DE_669",FALSE,FALSE
"DE_669.1",FALSE,FALSE
"DE_669.2",FALSE,FALSE
"DE_669.3",FALSE,FALSE
"DE_669.4",FALSE,FALSE
"DE_670",FALSE,FALSE
"DE_672",FALSE,FALSE
"DE_672.1",FALSE,FALSE
"DE_672.11",FALSE,FALSE
"DE_672.12",FALSE,FALSE
"DE_672.14",FALSE,FALSE
"DE_672.2",FALSE,FALSE
"DE_672.21",FALSE,FALSE
"DE_672.22",FALSE,FALSE
"DE_674",FALSE,FALSE
"DE_674.1",FALSE,FALSE
"DE_674.11",FALSE,FALSE
"DE_674.2",FALSE,FALSE
"DE_674.21",FALSE,FALSE
"DE_674.22",FALSE,FALSE
"DE_675",FALSE,FALSE
"DE_675.1",FALSE,FALSE
"DE_675.2",FALSE,FALSE
"DE_676",FALSE,FALSE
"DE_676.1",FALSE,FALSE
"DE_676.2",FALSE,FALSE
"DE_677",FALSE,FALSE
"DE_678",FALSE,FALSE
"DE_679",FALSE,FALSE
"DE_679.1",FALSE,FALSE
"DE_679.2",FALSE,FALSE
"DE_679.3",FALSE,FALSE
"DE_679.4",FALSE,FALSE
"DE_679.5",FALSE,FALSE
"DE_679.6",FALSE,FALSE
"DE_680",FALSE,FALSE
"DE_680.1",FALSE,FALSE
"DE_680.2",FALSE,FALSE
"DE_680.3",FALSE,FALSE
"DE_680.4",FALSE,FALSE
"DE_680.5",FALSE,FALSE
"DE_681",FALSE,FALSE
"DE_682",FALSE,FALSE
"DE_682.1",FALSE,FALSE
"DE_682.11",FALSE,FALSE
"DE_682.12",FALSE,FALSE
"DE_682.2",FALSE,FALSE
"DE_682.4",FALSE,FALSE
"DE_683",FALSE,FALSE
"DE_683.1",FALSE,FALSE
"DE_683.2",FALSE,FALSE
"DE_683.4",FALSE,FALSE
"DE_684",FALSE,FALSE
"DE_684.1",FALSE,FALSE
"DE_684.11",FALSE,FALSE
"DE_684.12",FALSE,FALSE
"DE_684.13",FALSE,FALSE
"DE_684.14",FALSE,FALSE
"DE_684.2",FALSE,FALSE
"DE_684.21",FALSE,TRUE
"DE_684.8",FALSE,FALSE
"DE_685",FALSE,FALSE
"DE_685.1",FALSE,FALSE
"DE_685.4",FALSE,FALSE
"DE_685.5",FALSE,FALSE
"DE_685.8",FALSE,FALSE
"DE_685.81",FALSE,FALSE
"DE_685.82",FALSE,FALSE
"DE_686",FALSE,FALSE
"DE_686.1",FALSE,FALSE
"DE_686.2",FALSE,FALSE
"DE_687",FALSE,FALSE
"DE_688",FALSE,FALSE
"DE_688.1",FALSE,FALSE
"DE_688.2",FALSE,FALSE
"DE_688.3",FALSE,FALSE
"DE_688.5",FALSE,FALSE
"EM_200",FALSE,FALSE
"EM_200.1",FALSE,FALSE
"EM_200.11",FALSE,FALSE
"EM_200.12",FALSE,FALSE
"EM_200.16",FALSE,FALSE
"EM_200.2",FALSE,FALSE
"EM_200.21",FALSE,FALSE
"EM_200.22",FALSE,FALSE
"EM_200.23",FALSE,FALSE
"EM_200.24",FALSE,FALSE
"EM_200.25",FALSE,FALSE
"EM_200.3",FALSE,FALSE
"EM_200.31",FALSE,FALSE
"EM_200.4",FALSE,FALSE
"EM_200.41",FALSE,FALSE
"EM_200.411",FALSE,FALSE
"EM_200.42",FALSE,FALSE
"EM_200.43",FALSE,FALSE
"EM_200.45",FALSE,FALSE
"EM_200.5",FALSE,FALSE
"EM_200.6",FALSE,FALSE
"EM_200.7",FALSE,FALSE
"EM_200.8",FALSE,FALSE
"EM_200.9",FALSE,FALSE
"EM_202",FALSE,FALSE
"EM_202.1",FALSE,FALSE
"EM_202.2",FALSE,FALSE
"EM_202.3",FALSE,FALSE
"EM_202.31",FALSE,FALSE
"EM_202.32",FALSE,FALSE
"EM_202.4",FALSE,FALSE
"EM_203",FALSE,FALSE
"EM_204",FALSE,FALSE
"EM_204.1",FALSE,FALSE
"EM_204.2",FALSE,FALSE
"EM_204.3",FALSE,FALSE
"EM_204.31",FALSE,FALSE
"EM_204.32",FALSE,FALSE
"EM_204.4",FALSE,FALSE
"EM_204.5",FALSE,FALSE
"EM_206",FALSE,FALSE
"EM_206.1",FALSE,FALSE
"EM_206.2",FALSE,FALSE
"EM_208",FALSE,FALSE
"EM_208.1",FALSE,FALSE
"EM_208.2",FALSE,FALSE
"EM_208.22",FALSE,FALSE
"EM_209",FALSE,FALSE
"EM_209.1",FALSE,FALSE
"EM_209.11",FALSE,FALSE
"EM_209.12",FALSE,FALSE
"EM_209.13",FALSE,FALSE
"EM_209.14",FALSE,FALSE
"EM_209.2",FALSE,FALSE
"EM_209.23",FALSE,FALSE
"EM_209.3",FALSE,FALSE
"EM_209.4",FALSE,FALSE
"EM_211",FALSE,FALSE
"EM_211.1",FALSE,FALSE
"EM_211.11",FALSE,FALSE
"EM_211.13",FALSE,FALSE
"EM_211.131",FALSE,FALSE
"EM_211.132",FALSE,FALSE
"EM_211.133",FALSE,FALSE
"EM_211.14",FALSE,FALSE
"EM_211.2",FALSE,FALSE
"EM_211.22",FALSE,FALSE
"EM_211.23",FALSE,FALSE
"EM_211.3",FALSE,FALSE
"EM_214",FALSE,TRUE
"EM_214.1",FALSE,TRUE
"EM_214.11",FALSE,TRUE
"EM_214.12",FALSE,TRUE
"EM_214.2",FALSE,TRUE
"EM_214.21",FALSE,FALSE
"EM_214.22",FALSE,FALSE
"EM_215",TRUE,FALSE
"EM_215.1",TRUE,FALSE
"EM_215.2",TRUE,FALSE
"EM_217",FALSE,FALSE
"EM_217.1",FALSE,FALSE
"EM_217.2",FALSE,FALSE
"EM_218",FALSE,FALSE
"EM_218.2",FALSE,FALSE
"EM_218.21",FALSE,FALSE
"EM_218.22",FALSE,FALSE
"EM_220",FALSE,FALSE
"EM_220.1",FALSE,FALSE
"EM_220.2",FALSE,FALSE
"EM_228",FALSE,FALSE
"EM_229",FALSE,FALSE
"EM_229.1",FALSE,FALSE
"EM_230",FALSE,FALSE
"EM_230.1",FALSE,FALSE
"EM_230.2",FALSE,FALSE
"EM_230.21",FALSE,FALSE
"EM_230.22",FALSE,FALSE
"EM_230.3",FALSE,FALSE
"EM_230.4",FALSE,FALSE
"EM_230.5",FALSE,FALSE
"EM_230.7",FALSE,FALSE
"EM_232",FALSE,FALSE
"EM_232.1",FALSE,FALSE
"EM_232.2",FALSE,FALSE
"EM_232.21",FALSE,FALSE
"EM_232.22",FALSE,FALSE
"EM_232.23",FALSE,FALSE
"EM_232.26",FALSE,FALSE
"EM_232.27",FALSE,FALSE
"EM_232.29",FALSE,FALSE
"EM_232.3",FALSE,FALSE
"EM_232.4",FALSE,FALSE
"EM_232.5",FALSE,FALSE
"EM_232.6",FALSE,FALSE
"EM_234",FALSE,FALSE
"EM_234.1",FALSE,FALSE
"EM_236",FALSE,FALSE
"EM_236.1",FALSE,FALSE
"EM_236.11",FALSE,FALSE
"EM_236.2",FALSE,FALSE
"EM_237",FALSE,FALSE
"EM_238",FALSE,FALSE
"EM_238.1",FALSE,FALSE
"EM_238.2",FALSE,FALSE
"EM_238.3",FALSE,FALSE
"EM_238.4",FALSE,FALSE
"EM_239",FALSE,FALSE
"EM_239.1",FALSE,FALSE
"EM_239.11",FALSE,FALSE
"EM_239.13",FALSE,FALSE
"EM_239.2",FALSE,FALSE
"EM_239.21",FALSE,FALSE
"EM_239.3",FALSE,FALSE
"EM_239.4",FALSE,FALSE
"EM_244",FALSE,FALSE
"EM_244.4",FALSE,FALSE
"EM_247",FALSE,FALSE
"EM_247.2",FALSE,FALSE
"EM_247.3",FALSE,FALSE
"EM_247.4",FALSE,FALSE
"EM_247.41",FALSE,FALSE
"EM_247.42",FALSE,FALSE
"EM_247.5",FALSE,FALSE
"EM_247.51",FALSE,FALSE
"EM_247.52",FALSE,FALSE
"EM_247.53",FALSE,FALSE
"EM_247.54",FALSE,FALSE
"EM_247.55",FALSE,FALSE
"EM_247.6",FALSE,FALSE
"EM_247.7",FALSE,FALSE
"EM_247.71",FALSE,FALSE
"EM_247.8",FALSE,FALSE
"EM_247.81",FALSE,FALSE
"EM_247.82",FALSE,FALSE
"EM_247.83",FALSE,FALSE
"EM_247.84",FALSE,FALSE
"EM_247.85",FALSE,FALSE
"EM_247.86",FALSE,FALSE
"EM_247.87",FALSE,FALSE
"EM_247.88",FALSE,FALSE
"EM_248",FALSE,FALSE
"EM_249",FALSE,FALSE
"EM_249.1",FALSE,FALSE
"EM_249.2",FALSE,FALSE
"EM_249.3",FALSE,FALSE
"EM_252",FALSE,FALSE
"EM_252.1",FALSE,FALSE
"EM_252.2",FALSE,FALSE
"EM_252.3",FALSE,FALSE
"EM_252.31",FALSE,FALSE
"EM_252.4",FALSE,FALSE
"EM_252.5",FALSE,FALSE
"EM_252.51",FALSE,FALSE
"EM_256",FALSE,FALSE
"EM_256.1",FALSE,FALSE
"EM_256.2",FALSE,FALSE
"EM_256.3",FALSE,FALSE
"EM_256.31",FALSE,FALSE
"EM_256.32",FALSE,FALSE
"EM_256.4",FALSE,FALSE
"EM_256.5",FALSE,FALSE
"EM_256.6",FALSE,FALSE
"EM_256.7",FALSE,FALSE
"EM_256.71",FALSE,FALSE
"EM_256.72",FALSE,FALSE
"EM_257",FALSE,FALSE
"GE_960",FALSE,FALSE
"GE_960.1",FALSE,FALSE
"GE_960.11",FALSE,FALSE
"GE_960.12",FALSE,FALSE
"GE_960.13",FALSE,FALSE
"GE_960.14",FALSE,FALSE
"GE_960.15",FALSE,FALSE
"GE_960.16",FALSE,FALSE
"GE_960.17",FALSE,FALSE
"GE_960.18",FALSE,FALSE
"GE_960.2",FALSE,FALSE
"GE_960.21",FALSE,FALSE
"GE_960.22",FALSE,FALSE
"GE_960.23",FALSE,FALSE
"GE_960.24",FALSE,FALSE
"GE_960.25",FALSE,FALSE
"GE_960.26",FALSE,FALSE
"GE_960.28",FALSE,FALSE
"GE_960.3",FALSE,FALSE
"GE_960.31",FALSE,FALSE
"GE_960.32",FALSE,FALSE
"GE_960.33",FALSE,FALSE
"GE_960.34",FALSE,FALSE
"GE_960.35",FALSE,FALSE
"GE_960.36",FALSE,FALSE
"GE_960.5",FALSE,FALSE
"GE_960.7",FALSE,FALSE
"GE_960.8",FALSE,FALSE
"GE_961",FALSE,FALSE
"GE_961.1",FALSE,FALSE
"GE_961.2",FALSE,FALSE
"GE_961.21",FALSE,FALSE
"GE_961.22",FALSE,FALSE
"GE_961.23",FALSE,FALSE
"GE_961.3",FALSE,FALSE
"GE_961.31",FALSE,FALSE
"GE_961.32",FALSE,FALSE
"GE_961.4",FALSE,FALSE
"GE_961.5",FALSE,FALSE
"GE_961.6",FALSE,FALSE
"GE_961.7",FALSE,FALSE
"GE_961.8",FALSE,FALSE
"GE_961.81",FALSE,FALSE
"GE_961.82",FALSE,TRUE
"GE_961.83",TRUE,FALSE
"GE_961.84",FALSE,TRUE
"GE_962",FALSE,FALSE
"GE_962.1",FALSE,FALSE
"GE_962.11",FALSE,FALSE
"GE_962.12",FALSE,FALSE
"GE_962.121",FALSE,FALSE
"GE_962.13",FALSE,FALSE
"GE_962.131",FALSE,FALSE
"GE_962.132",FALSE,FALSE
"GE_962.133",FALSE,FALSE
"GE_962.14",FALSE,FALSE
"GE_962.141",FALSE,FALSE
"GE_962.15",FALSE,FALSE
"GE_962.16",FALSE,FALSE
"GE_962.2",FALSE,FALSE
"GE_962.21",FALSE,FALSE
"GE_962.22",FALSE,FALSE
"GE_962.23",FALSE,FALSE
"GE_962.24",FALSE,FALSE
"GE_962.25",FALSE,FALSE
"GE_962.3",FALSE,FALSE
"GE_962.31",FALSE,FALSE
"GE_962.32",FALSE,FALSE
"GE_962.33",FALSE,FALSE
"GE_962.34",FALSE,FALSE
"GE_962.35",FALSE,FALSE
"GE_962.38",FALSE,FALSE
"GE_962.381",FALSE,FALSE
"GE_962.39",FALSE,FALSE
"GE_962.391",FALSE,FALSE
"GE_962.392",FALSE,FALSE
"GE_962.393",FALSE,FALSE
"GE_962.4",FALSE,FALSE
"GE_962.41",FALSE,FALSE
"GE_962.42",FALSE,FALSE
"GE_962.43",FALSE,FALSE
"GE_962.5",FALSE,FALSE
"GE_962.51",FALSE,FALSE
"GE_962.52",FALSE,FALSE
"GE_962.53",FALSE,FALSE
"GE_962.54",FALSE,FALSE
"GE_962.6",FALSE,FALSE
"GE_962.7",FALSE,FALSE
"GE_962.71",FALSE,FALSE
"GE_962.9",FALSE,FALSE
"GE_962.94",FALSE,FALSE
"GE_962.95",FALSE,FALSE
"GE_962.96",FALSE,FALSE
"GE_963",FALSE,FALSE
"GE_963.1",FALSE,FALSE
"GE_963.11",FALSE,FALSE
"GE_963.12",FALSE,FALSE
"GE_963.13",FALSE,FALSE
"GE_963.14",FALSE,FALSE
"GE_963.141",FALSE,FALSE
"GE_963.142",FALSE,FALSE
"GE_963.143",FALSE,FALSE
"GE_963.144",FALSE,FALSE
"GE_963.15",FALSE,FALSE
"GE_963.16",FALSE,FALSE
"GE_963.17",FALSE,FALSE
"GE_963.171",FALSE,FALSE
"GE_963.172",FALSE,FALSE
"GE_963.18",FALSE,FALSE
"GE_963.3",FALSE,FALSE
"GE_963.31",FALSE,FALSE
"GE_963.32",FALSE,FALSE
"GE_963.33",FALSE,FALSE
"GE_963.34",FALSE,FALSE
"GE_963.35",FALSE,FALSE
"GE_963.36",FALSE,FALSE
"GE_963.37",FALSE,FALSE
"GE_963.4",FALSE,FALSE
"GE_963.5",FALSE,FALSE
"GE_964",FALSE,FALSE
"GE_964.1",FALSE,FALSE
"GE_964.11",FALSE,FALSE
"GE_964.2",FALSE,FALSE
"GE_964.21",FALSE,FALSE
"GE_964.3",FALSE,FALSE
"GE_964.31",FALSE,FALSE
"GE_964.32",FALSE,FALSE
"GE_964.33",FALSE,FALSE
"GE_964.34",FALSE,FALSE
"GE_964.4",FALSE,FALSE
"GE_964.5",FALSE,FALSE
"GE_964.6",FALSE,FALSE
"GE_964.7",FALSE,FALSE
"GE_965",FALSE,FALSE
"GE_965.1",FALSE,FALSE
"GE_965.2",FALSE,FALSE
"GE_965.3",FALSE,FALSE
"GE_965.4",FALSE,FALSE
"GE_965.5",FALSE,FALSE
"GE_966",FALSE,FALSE
"GE_966.1",FALSE,FALSE
"GE_966.11",FALSE,FALSE
"GE_966.12",FALSE,FALSE
"GE_966.2",FALSE,FALSE
"GE_966.21",FALSE,FALSE
"GE_966.22",FALSE,FALSE
"GE_966.23",FALSE,FALSE
"GE_966.3",FALSE,FALSE
"GE_966.4",FALSE,FALSE
"GE_966.41",FALSE,FALSE
"GE_966.42",FALSE,FALSE
"GE_967",FALSE,FALSE
"GE_967.1",FALSE,FALSE
"GE_967.2",FALSE,FALSE
"GE_967.3",FALSE,FALSE
"GE_967.4",FALSE,FALSE
"GE_967.5",FALSE,FALSE
"GE_967.6",FALSE,FALSE
"GE_968",FALSE,FALSE
"GE_968.1",FALSE,FALSE
"GE_968.2",FALSE,FALSE
"GE_968.3",FALSE,FALSE
"GE_968.4",FALSE,FALSE
"GE_968.5",FALSE,FALSE
"GE_969",FALSE,FALSE
"GE_969.1",FALSE,FALSE
"GE_969.11",FALSE,FALSE
"GE_969.12",FALSE,FALSE
"GE_969.121",FALSE,FALSE
"GE_969.122",FALSE,FALSE
"GE_969.123",FALSE,FALSE
"GE_969.124",FALSE,FALSE
"GE_969.125",FALSE,FALSE
"GE_969.126",FALSE,FALSE
"GE_969.127",FALSE,FALSE
"GE_969.128",FALSE,FALSE
"GE_969.13",FALSE,FALSE
"GE_969.14",FALSE,FALSE
"GE_969.15",FALSE,FALSE
"GE_969.2",FALSE,FALSE
"GE_969.3",FALSE,FALSE
"GE_969.4",FALSE,FALSE
"GE_969.5",FALSE,FALSE
"GE_969.6",FALSE,FALSE
"GE_969.7",FALSE,FALSE
"GE_970",FALSE,FALSE
"GE_970.1",FALSE,FALSE
"GE_970.11",FALSE,FALSE
"GE_970.12",FALSE,FALSE
"GE_970.14",FALSE,FALSE
"GE_970.2",FALSE,FALSE
"GE_970.21",FALSE,FALSE
"GE_970.22",FALSE,FALSE
"GE_970.23",FALSE,FALSE
"GE_970.24",FALSE,FALSE
"GE_970.25",FALSE,FALSE
"GE_970.4",FALSE,FALSE
"GE_970.5",FALSE,FALSE
"GE_970.6",FALSE,FALSE
"GE_970.61",FALSE,FALSE
"GE_970.62",FALSE,FALSE
"GE_970.63",FALSE,FALSE
"GE_970.631",FALSE,FALSE
"GE_970.64",FALSE,FALSE
"GE_970.65",FALSE,FALSE
"GE_970.66",FALSE,FALSE
"GE_970.661",FALSE,FALSE
"GE_970.7",FALSE,FALSE
"GE_970.8",FALSE,FALSE
"GE_971",FALSE,FALSE
"GE_971.1",FALSE,FALSE
"GE_971.11",FALSE,FALSE
"GE_971.12",FALSE,FALSE
"GE_971.13",FALSE,FALSE
"GE_971.14",FALSE,FALSE
"GE_971.2",FALSE,FALSE
"GE_972",FALSE,FALSE
"GE_972.1",FALSE,FALSE
"GE_972.11",FALSE,FALSE
"GE_972.2",FALSE,FALSE
"GE_972.21",FALSE,FALSE
"GE_972.22",FALSE,FALSE
"GE_972.4",FALSE,FALSE
"GE_972.41",FALSE,FALSE
"GE_972.411",FALSE,FALSE
"GE_972.412",FALSE,FALSE
"GE_972.42",FALSE,FALSE
"GE_972.5",FALSE,FALSE
"GE_972.7",FALSE,FALSE
"GE_972.8",FALSE,FALSE
"GE_972.81",FALSE,FALSE
"GE_972.82",FALSE,FALSE
"GE_972.83",FALSE,FALSE
"GE_972.9",FALSE,FALSE
"GE_972.91",FALSE,FALSE
"GE_972.92",FALSE,FALSE
"GE_972.93",FALSE,FALSE
"GE_972.94",FALSE,FALSE
"GE_972.941",FALSE,FALSE
"GE_973",FALSE,FALSE
"GE_973.1",FALSE,FALSE
"GE_973.2",FALSE,FALSE
"GE_973.3",FALSE,FALSE
"GE_973.31",FALSE,FALSE
"GE_973.4",FALSE,FALSE
"GE_973.5",FALSE,FALSE
"GE_973.6",FALSE,FALSE
"GE_973.8",FALSE,FALSE
"GE_974",FALSE,FALSE
"GE_974.1",FALSE,FALSE
"GE_974.11",FALSE,FALSE
"GE_974.12",FALSE,FALSE
"GE_974.2",FALSE,FALSE
"GE_974.22",FALSE,FALSE
"GE_974.23",FALSE,FALSE
"GE_974.24",FALSE,FALSE
"GE_974.25",FALSE,FALSE
"GE_974.3",FALSE,FALSE
"GE_974.31",FALSE,FALSE
"GE_974.4",FALSE,FALSE
"GE_975",FALSE,FALSE
"GE_975.1",FALSE,FALSE
"GE_975.2",FALSE,FALSE
"GE_975.3",FALSE,FALSE
"GE_976",FALSE,FALSE
"GE_976.1",FALSE,FALSE
"GE_976.2",FALSE,FALSE
"GE_976.3",FALSE,FALSE
"GE_976.4",FALSE,FALSE
"GE_976.5",FALSE,FALSE
"GE_976.51",FALSE,FALSE
"GE_976.52",FALSE,FALSE
"GE_977",FALSE,FALSE
"GE_977.1",FALSE,FALSE
"GE_977.11",FALSE,FALSE
"GE_977.12",FALSE,FALSE
"GE_977.13",FALSE,FALSE
"GE_977.14",FALSE,FALSE
"GE_977.15",FALSE,FALSE
"GE_977.2",FALSE,FALSE
"GE_977.3",FALSE,FALSE
"GE_977.4",FALSE,FALSE
"GE_977.5",FALSE,FALSE
"GE_977.6",FALSE,FALSE
"GE_977.7",FALSE,FALSE
"GE_978",FALSE,FALSE
"GE_978.1",FALSE,FALSE
"GE_978.11",FALSE,FALSE
"GE_978.12",FALSE,FALSE
"GE_978.2",FALSE,FALSE
"GE_978.21",FALSE,FALSE
"GE_978.22",FALSE,FALSE
"GE_978.221",FALSE,FALSE
"GE_978.222",FALSE,FALSE
"GE_978.3",FALSE,FALSE
"GE_978.31",FALSE,FALSE
"GE_978.312",FALSE,FALSE
"GE_978.313",FALSE,FALSE
"GE_978.314",FALSE,FALSE
"GE_978.315",FALSE,FALSE
"GE_978.316",FALSE,FALSE
"GE_978.32",FALSE,FALSE
"GE_978.33",FALSE,FALSE
"GE_978.34",FALSE,FALSE
"GE_978.35",FALSE,FALSE
"GE_978.36",FALSE,FALSE
"GE_978.37",FALSE,FALSE
"GE_978.4",FALSE,FALSE
"GE_979",FALSE,FALSE
"GE_979.1",FALSE,FALSE
"GE_979.2",FALSE,FALSE
"GE_981",FALSE,FALSE
"GE_981.1",FALSE,FALSE
"GE_981.2",FALSE,FALSE
"GE_981.3",FALSE,FALSE
"GE_981.4",FALSE,FALSE
"GE_981.5",FALSE,FALSE
"GE_981.7",FALSE,FALSE
"GE_981.8",FALSE,FALSE
"GE_981.9",FALSE,FALSE
"GE_982",FALSE,FALSE
"GE_983",FALSE,FALSE
"GE_983.1",FALSE,FALSE
"GE_983.2",FALSE,FALSE
"GI_500",FALSE,FALSE
"GI_500.1",FALSE,FALSE
"GI_500.2",FALSE,FALSE
"GI_500.3",FALSE,FALSE
"GI_500.4",FALSE,FALSE
"GI_500.41",FALSE,FALSE
"GI_500.6",FALSE,FALSE
"GI_502",FALSE,FALSE
"GI_502.1",FALSE,FALSE
"GI_502.11",FALSE,FALSE
"GI_502.12",FALSE,FALSE
"GI_502.13",FALSE,FALSE
"GI_502.14",FALSE,FALSE
"GI_502.15",FALSE,FALSE
"GI_502.16",FALSE,FALSE
"GI_502.17",FALSE,FALSE
"GI_502.2",FALSE,FALSE
"GI_502.3",FALSE,FALSE
"GI_502.31",FALSE,FALSE
"GI_502.32",FALSE,FALSE
"GI_504",FALSE,FALSE
"GI_504.1",FALSE,FALSE
"GI_504.2",FALSE,FALSE
"GI_504.3",FALSE,FALSE
"GI_504.31",FALSE,FALSE
"GI_504.4",FALSE,FALSE
"GI_505",FALSE,FALSE
"GI_505.1",FALSE,FALSE
"GI_506",FALSE,FALSE
"GI_506.1",FALSE,FALSE
"GI_506.2",FALSE,FALSE
"GI_506.3",FALSE,FALSE
"GI_506.4",FALSE,FALSE
"GI_506.5",FALSE,FALSE
"GI_506.51",FALSE,FALSE
"GI_506.6",FALSE,FALSE
"GI_507",FALSE,FALSE
"GI_507.1",FALSE,FALSE
"GI_507.11",FALSE,FALSE
"GI_507.2",FALSE,FALSE
"GI_507.3",FALSE,FALSE
"GI_507.31",FALSE,FALSE
"GI_507.5",FALSE,FALSE
"GI_508",FALSE,FALSE
"GI_509",FALSE,FALSE
"GI_509.1",FALSE,FALSE
"GI_509.11",FALSE,FALSE
"GI_509.12",FALSE,FALSE
"GI_509.3",FALSE,FALSE
"GI_509.4",FALSE,FALSE
"GI_509.5",FALSE,FALSE
"GI_510",FALSE,FALSE
"GI_510.1",FALSE,FALSE
"GI_510.2",FALSE,FALSE
"GI_510.4",FALSE,FALSE
"GI_510.5",FALSE,FALSE
"GI_510.6",FALSE,FALSE
"GI_510.7",FALSE,FALSE
"GI_510.8",FALSE,FALSE
"GI_511",FALSE,FALSE
"GI_512",FALSE,FALSE
"GI_513",FALSE,FALSE
"GI_513.1",FALSE,FALSE
"GI_513.2",FALSE,FALSE
"GI_513.3",FALSE,FALSE
"GI_513.4",FALSE,FALSE
"GI_514",FALSE,FALSE
"GI_514.1",FALSE,FALSE
"GI_514.2",FALSE,FALSE
"GI_514.21",FALSE,FALSE
"GI_514.3",FALSE,FALSE
"GI_514.31",FALSE,FALSE
"GI_515",FALSE,FALSE
"GI_516",FALSE,FALSE
"GI_516.1",FALSE,FALSE
"GI_516.3",FALSE,FALSE
"GI_516.4",FALSE,FALSE
"GI_516.5",FALSE,FALSE
"GI_516.6",FALSE,FALSE
"GI_517",FALSE,FALSE
"GI_517.1",FALSE,FALSE
"GI_517.2",FALSE,FALSE
"GI_517.3",FALSE,FALSE
"GI_517.4",FALSE,FALSE
"GI_518",FALSE,FALSE
"GI_520",FALSE,FALSE
"GI_520.1",FALSE,FALSE
"GI_520.11",FALSE,FALSE
"GI_520.12",FALSE,FALSE
"GI_520.13",FALSE,FALSE
"GI_520.14",FALSE,FALSE
"GI_520.2",FALSE,FALSE
"GI_522",FALSE,FALSE
"GI_522.1",FALSE,FALSE
"GI_522.11",FALSE,FALSE
"GI_522.12",FALSE,FALSE
"GI_522.13",FALSE,FALSE
"GI_522.14",FALSE,FALSE
"GI_522.4",FALSE,FALSE
"GI_522.5",FALSE,FALSE
"GI_522.6",FALSE,FALSE
"GI_522.61",FALSE,FALSE
"GI_522.62",FALSE,FALSE
"GI_522.63",FALSE,FALSE
"GI_522.7",FALSE,FALSE
"GI_522.8",FALSE,FALSE
"GI_522.9",FALSE,FALSE
"GI_522.91",FALSE,FALSE
"GI_522.92",FALSE,FALSE
"GI_523",FALSE,FALSE
"GI_523.1",FALSE,FALSE
"GI_523.2",FALSE,FALSE
"GI_523.3",FALSE,FALSE
"GI_523.4",FALSE,FALSE
"GI_524",FALSE,FALSE
"GI_524.1",FALSE,FALSE
"GI_524.2",FALSE,FALSE
"GI_524.3",FALSE,FALSE
"GI_525",FALSE,FALSE
"GI_525.1",FALSE,FALSE
"GI_525.2",FALSE,FALSE
"GI_526",FALSE,FALSE
"GI_526.1",FALSE,FALSE
"GI_526.11",FALSE,FALSE
"GI_526.12",FALSE,FALSE
"GI_526.2",FALSE,FALSE
"GI_526.3",FALSE,FALSE
"GI_527",FALSE,FALSE
"GI_527.1",FALSE,FALSE
"GI_527.2",FALSE,FALSE
"GI_527.3",FALSE,FALSE
"GI_527.4",FALSE,FALSE
"GI_528",FALSE,FALSE
"GI_528.1",FALSE,FALSE
"GI_528.2",FALSE,FALSE
"GI_529",FALSE,FALSE
"GI_529.1",FALSE,FALSE
"GI_529.2",FALSE,FALSE
"GI_529.4",FALSE,FALSE
"GI_529.5",FALSE,FALSE
"GI_529.6",FALSE,FALSE
"GI_529.7",FALSE,FALSE
"GI_530",FALSE,FALSE
"GI_530.1",FALSE,FALSE
"GI_530.2",FALSE,FALSE
"GI_530.3",FALSE,FALSE
"GI_530.4",FALSE,FALSE
"GI_530.5",FALSE,FALSE
"GI_532",FALSE,FALSE
"GI_532.1",FALSE,FALSE
"GI_532.2",FALSE,FALSE
"GI_532.3",FALSE,FALSE
"GI_532.4",FALSE,FALSE
"GI_535",FALSE,FALSE
"GI_537",FALSE,FALSE
"GI_537.1",FALSE,FALSE
"GI_537.2",FALSE,FALSE
"GI_537.3",FALSE,FALSE
"GI_540",FALSE,FALSE
"GI_540.1",FALSE,FALSE
"GI_540.11",FALSE,FALSE
"GI_540.2",FALSE,FALSE
"GI_540.3",FALSE,FALSE
"GI_540.4",FALSE,FALSE
"GI_542",FALSE,FALSE
"GI_542.1",FALSE,FALSE
"GI_542.11",FALSE,FALSE
"GI_542.2",FALSE,FALSE
"GI_542.3",FALSE,FALSE
"GI_542.4",FALSE,FALSE
"GI_542.5",FALSE,FALSE
"GI_542.6",FALSE,FALSE
"GI_542.7",FALSE,FALSE
"GI_542.8",FALSE,FALSE
"GI_542.81",FALSE,FALSE
"GI_542.9",FALSE,FALSE
"GI_545",FALSE,FALSE
"GI_546",FALSE,FALSE
"GI_546.2",FALSE,FALSE
"GI_546.3",FALSE,FALSE
"GI_546.31",FALSE,FALSE
"GI_546.4",FALSE,FALSE
"GI_546.5",FALSE,FALSE
"GI_550",FALSE,FALSE
"GI_550.1",FALSE,FALSE
"GI_550.2",FALSE,FALSE
"GI_550.21",FALSE,FALSE
"GI_550.22",FALSE,FALSE
"GI_550.3",FALSE,FALSE
"GI_550.4",FALSE,FALSE
"GI_552",FALSE,FALSE
"GI_552.1",FALSE,FALSE
"GI_552.11",FALSE,FALSE
"GI_552.2",FALSE,FALSE
"GI_554",FALSE,FALSE
"GI_554.1",FALSE,FALSE
"GI_554.11",FALSE,FALSE
"GI_554.12",FALSE,FALSE
"GI_554.2",FALSE,FALSE
"GI_554.3",FALSE,FALSE
"GI_555",FALSE,FALSE
"GI_556",FALSE,FALSE
"GI_556.3",FALSE,FALSE
"GI_556.4",FALSE,FALSE
"GI_556.8",FALSE,FALSE
"GI_557",FALSE,FALSE
"GI_557.1",FALSE,FALSE
"GI_557.2",FALSE,FALSE
"GI_557.8",FALSE,FALSE
"GI_558",FALSE,FALSE
"GU_580",FALSE,FALSE
"GU_580.1",FALSE,FALSE
"GU_580.2",FALSE,FALSE
"GU_580.5",FALSE,FALSE
"GU_580.51",FALSE,FALSE
"GU_580.52",FALSE,FALSE
"GU_580.53",FALSE,FALSE
"GU_580.54",FALSE,FALSE
"GU_580.55",FALSE,FALSE
"GU_580.56",FALSE,FALSE
"GU_580.57",FALSE,FALSE
"GU_580.58",FALSE,FALSE
"GU_581",FALSE,FALSE
"GU_581.1",FALSE,FALSE
"GU_581.13",FALSE,FALSE
"GU_581.3",FALSE,FALSE
"GU_581.31",FALSE,FALSE
"GU_581.32",FALSE,FALSE
"GU_581.33",FALSE,FALSE
"GU_581.34",FALSE,FALSE
"GU_581.35",FALSE,FALSE
"GU_581.4",FALSE,FALSE
"GU_581.5",FALSE,FALSE
"GU_582",FALSE,FALSE
"GU_582.1",FALSE,FALSE
"GU_582.2",FALSE,FALSE
"GU_582.21",FALSE,FALSE
"GU_582.3",FALSE,FALSE
"GU_585",FALSE,FALSE
"GU_585.1",FALSE,FALSE
"GU_586",FALSE,FALSE
"GU_586.1",FALSE,FALSE
"GU_586.2",FALSE,FALSE
"GU_586.3",FALSE,FALSE
"GU_586.4",FALSE,FALSE
"GU_586.5",FALSE,FALSE
"GU_586.6",FALSE,FALSE
"GU_586.7",FALSE,FALSE
"GU_588",FALSE,FALSE
"GU_588.1",FALSE,FALSE
"GU_588.11",FALSE,FALSE
"GU_588.12",FALSE,FALSE
"GU_588.2",FALSE,FALSE
"GU_591",FALSE,FALSE
"GU_592",FALSE,FALSE
"GU_592.1",FALSE,FALSE
"GU_592.11",FALSE,FALSE
"GU_592.12",FALSE,FALSE
"GU_592.2",FALSE,FALSE
"GU_592.21",FALSE,FALSE
"GU_592.3",FALSE,FALSE
"GU_593",FALSE,FALSE
"GU_593.1",FALSE,FALSE
"GU_593.2",FALSE,FALSE
"GU_593.3",FALSE,FALSE
"GU_594",FALSE,FALSE
"GU_594.1",FALSE,FALSE
"GU_594.2",FALSE,FALSE
"GU_594.3",FALSE,FALSE
"GU_594.31",FALSE,FALSE
"GU_594.32",FALSE,FALSE
"GU_594.33",FALSE,FALSE
"GU_594.4",FALSE,FALSE
"GU_594.41",FALSE,FALSE
"GU_594.5",FALSE,FALSE
"GU_594.6",FALSE,FALSE
"GU_596",FALSE,FALSE
"GU_596.1",FALSE,FALSE
"GU_596.2",FALSE,FALSE
"GU_596.3",FALSE,FALSE
"GU_596.4",FALSE,FALSE
"GU_596.5",FALSE,FALSE
"GU_597",FALSE,FALSE
"GU_597.1",FALSE,FALSE
"GU_597.2",FALSE,FALSE
"GU_597.3",FALSE,FALSE
"GU_597.4",FALSE,FALSE
"GU_597.5",FALSE,FALSE
"GU_597.6",FALSE,FALSE
"GU_597.8",FALSE,FALSE
"GU_598",FALSE,FALSE
"GU_599",FALSE,FALSE
"GU_599.7",FALSE,FALSE
"GU_602",TRUE,FALSE
"GU_602.1",TRUE,FALSE
"GU_602.2",TRUE,FALSE
"GU_602.3",TRUE,FALSE
"GU_602.4",TRUE,FALSE
"GU_602.5",TRUE,FALSE
"GU_602.51",TRUE,FALSE
"GU_602.511",TRUE,FALSE
"GU_602.512",TRUE,FALSE
"GU_603",TRUE,FALSE
"GU_603.1",TRUE,FALSE
"GU_603.2",TRUE,FALSE
"GU_603.3",TRUE,FALSE
"GU_603.4",TRUE,FALSE
"GU_603.5",TRUE,FALSE
"GU_603.6",FALSE,FALSE
"GU_604",TRUE,FALSE
"GU_604.1",TRUE,FALSE
"GU_604.3",TRUE,FALSE
"GU_604.4",TRUE,FALSE
"GU_604.5",TRUE,FALSE
"GU_605",TRUE,FALSE
"GU_605.1",TRUE,FALSE
"GU_605.2",TRUE,FALSE
"GU_608",TRUE,FALSE
"GU_609",TRUE,FALSE
"GU_609.1",TRUE,FALSE
"GU_609.2",TRUE,FALSE
"GU_610",FALSE,TRUE
"GU_610.1",FALSE,TRUE
"GU_610.2",FALSE,TRUE
"GU_610.3",FALSE,TRUE
"GU_610.5",FALSE,TRUE
"GU_612",FALSE,TRUE
"GU_612.1",FALSE,TRUE
"GU_612.2",FALSE,TRUE
"GU_612.21",FALSE,TRUE
"GU_612.22",FALSE,FALSE
"GU_612.23",FALSE,TRUE
"GU_612.5",FALSE,TRUE
"GU_612.7",FALSE,TRUE
"GU_612.8",FALSE,TRUE
"GU_614",FALSE,TRUE
"GU_614.1",FALSE,TRUE
"GU_614.3",FALSE,TRUE
"GU_614.31",FALSE,TRUE
"GU_614.32",FALSE,TRUE
"GU_614.4",FALSE,TRUE
"GU_614.5",FALSE,TRUE
"GU_614.51",FALSE,TRUE
"GU_614.52",FALSE,TRUE
"GU_614.53",FALSE,TRUE
"GU_614.54",FALSE,TRUE
"GU_614.55",FALSE,FALSE
"GU_615",FALSE,TRUE
"GU_616",FALSE,TRUE
"GU_616.1",FALSE,TRUE
"GU_616.2",FALSE,TRUE
"GU_616.3",FALSE,TRUE
"GU_616.4",FALSE,TRUE
"GU_617",FALSE,TRUE
"GU_617.1",FALSE,TRUE
"GU_617.2",FALSE,TRUE
"GU_617.3",FALSE,TRUE
"GU_618",FALSE,TRUE
"GU_618.1",FALSE,TRUE
"GU_618.3",FALSE,TRUE
"GU_619",FALSE,TRUE
"GU_619.1",FALSE,TRUE
"GU_619.2",FALSE,TRUE
"GU_619.21",FALSE,TRUE
"GU_619.22",FALSE,TRUE
"GU_619.23",FALSE,TRUE
"GU_620",FALSE,TRUE
"GU_621",FALSE,TRUE
"GU_621.1",FALSE,TRUE
"GU_622",FALSE,TRUE
"GU_622.1",FALSE,TRUE
"GU_622.2",FALSE,TRUE
"GU_623",FALSE,TRUE
"GU_623.1",FALSE,TRUE
"GU_623.5",FALSE,TRUE
"GU_623.6",FALSE,TRUE
"GU_623.8",FALSE,TRUE
"GU_624",FALSE,TRUE
"GU_624.1",FALSE,TRUE
"GU_624.2",FALSE,TRUE
"GU_625",FALSE,TRUE
"GU_625.1",FALSE,TRUE
"GU_625.2",FALSE,TRUE
"GU_625.3",FALSE,TRUE
"GU_625.4",FALSE,TRUE
"GU_626",FALSE,TRUE
"GU_626.1",FALSE,TRUE
"GU_626.11",FALSE,TRUE
"GU_626.111",FALSE,TRUE
"GU_626.13",FALSE,TRUE
"GU_626.16",FALSE,TRUE
"GU_626.2",FALSE,TRUE
"GU_626.3",FALSE,TRUE
"GU_626.4",FALSE,TRUE
"GU_627",FALSE,TRUE
"GU_627.1",FALSE,TRUE
"GU_627.2",FALSE,TRUE
"GU_629",FALSE,TRUE
"GU_629.1",FALSE,TRUE
"ID_001",FALSE,FALSE
"ID_002",FALSE,FALSE
"ID_002.1",FALSE,FALSE
"ID_003",FALSE,FALSE
"ID_004",FALSE,FALSE
"ID_004.1",FALSE,FALSE
"ID_004.2",FALSE,FALSE
"ID_004.3",FALSE,FALSE
"ID_004.4",FALSE,FALSE
"ID_005",FALSE,FALSE
"ID_005.1",FALSE,FALSE
"ID_005.2",FALSE,FALSE
"ID_005.3",FALSE,FALSE
"ID_006",FALSE,FALSE
"ID_006.1",FALSE,FALSE
"ID_006.2",FALSE,FALSE
"ID_007",FALSE,FALSE
"ID_007.1",FALSE,FALSE
"ID_007.2",FALSE,FALSE
"ID_008",FALSE,FALSE
"ID_009",FALSE,FALSE
"ID_010",FALSE,FALSE
"ID_010.1",FALSE,FALSE
"ID_011",FALSE,FALSE
"ID_012",FALSE,FALSE
"ID_013",FALSE,FALSE
"ID_014",FALSE,FALSE
"ID_015",FALSE,FALSE
"ID_015.1",FALSE,FALSE
"ID_015.2",FALSE,FALSE
"ID_015.3",FALSE,FALSE
"ID_016",FALSE,FALSE
"ID_016.1",FALSE,FALSE
"ID_016.2",FALSE,FALSE
"ID_017",FALSE,FALSE
"ID_018",FALSE,FALSE
"ID_019",FALSE,FALSE
"ID_019.1",FALSE,FALSE
"ID_019.2",FALSE,FALSE
"ID_020",FALSE,FALSE
"ID_020.1",FALSE,FALSE
"ID_021",FALSE,FALSE
"ID_021.2",FALSE,FALSE
"ID_022",FALSE,FALSE
"ID_023",FALSE,FALSE
"ID_024",FALSE,FALSE
"ID_025",FALSE,FALSE
"ID_026",FALSE,FALSE
"ID_027",FALSE,FALSE
"ID_028",FALSE,FALSE
"ID_029",FALSE,FALSE
"ID_030",FALSE,FALSE
"ID_031",FALSE,FALSE
"ID_032",FALSE,FALSE
"ID_033",FALSE,FALSE
"ID_034",FALSE,FALSE
"ID_035",FALSE,FALSE
"ID_036",FALSE,FALSE
"ID_037",FALSE,FALSE
"ID_038",FALSE,FALSE
"ID_039",FALSE,FALSE
"ID_040",FALSE,FALSE
"ID_041",FALSE,FALSE
"ID_042",FALSE,FALSE
"ID_050",FALSE,FALSE
"ID_050.1",FALSE,FALSE
"ID_050.2",FALSE,FALSE
"ID_050.3",FALSE,FALSE
"ID_050.4",FALSE,FALSE
"ID_050.5",FALSE,FALSE
"ID_050.6",FALSE,FALSE
"ID_052",FALSE,FALSE
"ID_052.1",FALSE,FALSE
"ID_052.3",FALSE,FALSE
"ID_052.31",FALSE,FALSE
"ID_052.32",FALSE,FALSE
"ID_052.4",FALSE,FALSE
"ID_052.5",FALSE,FALSE
"ID_052.6",FALSE,FALSE
"ID_052.7",FALSE,FALSE
"ID_053",FALSE,FALSE
"ID_054",FALSE,FALSE
"ID_054.1",FALSE,FALSE
"ID_054.2",FALSE,FALSE
"ID_054.21",FALSE,FALSE
"ID_054.3",FALSE,FALSE
"ID_054.31",FALSE,FALSE
"ID_054.32",FALSE,FALSE
"ID_054.5",FALSE,FALSE
"ID_055",FALSE,FALSE
"ID_055.1",FALSE,FALSE
"ID_056",FALSE,FALSE
"ID_056.1",FALSE,FALSE
"ID_056.2",FALSE,FALSE
"ID_057",FALSE,FALSE
"ID_057.1",FALSE,FALSE
"ID_057.2",FALSE,FALSE
"ID_058",FALSE,FALSE
"ID_058.1",FALSE,FALSE
"ID_058.2",FALSE,FALSE
"ID_059",FALSE,FALSE
"ID_059.1",FALSE,FALSE
"ID_060",FALSE,FALSE
"ID_061",FALSE,FALSE
"ID_061.1",FALSE,FALSE
"ID_062",FALSE,FALSE
"ID_063",FALSE,FALSE
"ID_064",FALSE,FALSE
"ID_065",FALSE,FALSE
"ID_066",FALSE,FALSE
"ID_067",FALSE,FALSE
"ID_068",FALSE,FALSE
"ID_068.1",FALSE,FALSE
"ID_069",FALSE,FALSE
"ID_070",FALSE,FALSE
"ID_070.4",FALSE,FALSE
"ID_071",FALSE,FALSE
"ID_072",FALSE,FALSE
"ID_073",FALSE,FALSE
"ID_074",FALSE,FALSE
"ID_075",FALSE,FALSE
"ID_076",FALSE,FALSE
"ID_078",FALSE,FALSE
"ID_079",FALSE,FALSE
"ID_084",FALSE,FALSE
"ID_084.1",FALSE,FALSE
"ID_084.2",FALSE,FALSE
"ID_084.3",FALSE,FALSE
"ID_084.31",FALSE,FALSE
"ID_084.32",FALSE,FALSE
"ID_084.4",FALSE,FALSE
"ID_084.5",FALSE,FALSE
"ID_084.6",FALSE,FALSE
"ID_084.7",FALSE,FALSE
"ID_084.8",FALSE,FALSE
"ID_086",FALSE,FALSE
"ID_086.1",FALSE,FALSE
"ID_086.2",FALSE,FALSE
"ID_087",FALSE,FALSE
"ID_088",FALSE,FALSE
"ID_089",FALSE,FALSE
"ID_089.1",FALSE,FALSE
"ID_089.2",FALSE,FALSE
"ID_089.3",FALSE,FALSE
"ID_091",FALSE,FALSE
"ID_092",FALSE,FALSE
"ID_092.1",FALSE,FALSE
"ID_092.2",FALSE,FALSE
"ID_092.3",FALSE,FALSE
"ID_092.5",FALSE,FALSE
"ID_092.8",FALSE,FALSE
"ID_097",FALSE,FALSE
"ID_097.1",FALSE,FALSE
"ID_097.2",FALSE,FALSE
"ID_097.3",FALSE,FALSE
"MB_280",FALSE,FALSE
"MB_280.1",FALSE,FALSE
"MB_280.11",FALSE,FALSE
"MB_280.13",FALSE,FALSE
"MB_280.2",FALSE,FALSE
"MB_280.21",FALSE,FALSE
"MB_280.3",FALSE,FALSE
"MB_280.31",FALSE,FALSE
"MB_280.4",FALSE,FALSE
"MB_280.41",FALSE,FALSE
"MB_280.5",FALSE,FALSE
"MB_280.51",FALSE,FALSE
"MB_280.7",FALSE,FALSE
"MB_280.71",FALSE,FALSE
"MB_280.8",FALSE,FALSE
"MB_280.9",FALSE,FALSE
"MB_280.91",FALSE,FALSE
"MB_281",FALSE,FALSE
"MB_282",FALSE,FALSE
"MB_282.1",FALSE,FALSE
"MB_282.2",FALSE,FALSE
"MB_283",FALSE,FALSE
"MB_283.1",FALSE,FALSE
"MB_283.3",FALSE,FALSE
"MB_283.4",FALSE,FALSE
"MB_283.8",FALSE,FALSE
"MB_284",FALSE,FALSE
"MB_284.1",FALSE,FALSE
"MB_284.2",FALSE,FALSE
"MB_284.3",FALSE,FALSE
"MB_286",FALSE,FALSE
"MB_286.1",FALSE,FALSE
"MB_286.11",FALSE,FALSE
"MB_286.12",FALSE,FALSE
"MB_286.2",FALSE,FALSE
"MB_286.3",FALSE,TRUE
"MB_286.4",FALSE,FALSE
"MB_287",FALSE,FALSE
"MB_287.1",FALSE,FALSE
"MB_287.2",FALSE,FALSE
"MB_287.4",FALSE,FALSE
"MB_287.5",FALSE,FALSE
"MB_288",FALSE,FALSE
"MB_288.2",FALSE,FALSE
"MB_288.3",FALSE,FALSE
"MB_288.4",FALSE,FALSE
"MB_288.41",FALSE,FALSE
"MB_288.42",FALSE,FALSE
"MB_288.5",FALSE,FALSE
"MB_289",FALSE,FALSE
"MB_290",FALSE,FALSE
"MB_290.1",FALSE,FALSE
"MB_291",FALSE,FALSE
"MB_291.1",FALSE,FALSE
"MB_293",FALSE,FALSE
"MB_293.1",FALSE,FALSE
"MB_293.2",FALSE,FALSE
"MB_293.3",FALSE,FALSE
"MB_293.4",FALSE,FALSE
"MB_293.5",FALSE,FALSE
"MB_294",FALSE,FALSE
"MB_296",FALSE,FALSE
"MB_296.1",FALSE,FALSE
"MB_296.2",FALSE,FALSE
"MB_296.3",FALSE,FALSE
"MB_296.4",FALSE,FALSE
"MB_296.5",FALSE,FALSE
"MB_296.6",FALSE,FALSE
"MB_296.7",FALSE,FALSE
"MB_296.8",FALSE,FALSE
"MB_297",FALSE,FALSE
"MB_298",FALSE,FALSE
"MB_298.1",FALSE,FALSE
"MB_298.2",FALSE,FALSE
"MB_298.3",FALSE,FALSE
"MB_299",FALSE,FALSE
"MB_300",FALSE,FALSE
"MB_300.1",FALSE,FALSE
"MB_300.2",FALSE,FALSE
"MB_300.3",FALSE,FALSE
"MB_300.4",FALSE,FALSE
"MB_301",FALSE,FALSE
"MB_301.1",FALSE,FALSE
"MB_301.2",FALSE,FALSE
"MB_302",FALSE,FALSE
"MB_302.1",FALSE,FALSE
"MB_302.11",FALSE,FALSE
"MB_302.12",FALSE,FALSE
"MB_302.13",FALSE,FALSE
"MB_302.2",FALSE,FALSE
"MB_302.3",FALSE,FALSE
"MB_302.4",FALSE,FALSE
"MB_303",FALSE,FALSE
"MB_303.1",FALSE,FALSE
"MB_304",FALSE,FALSE
"MB_305",FALSE,FALSE
"MB_305.1",FALSE,FALSE
"MB_305.11",FALSE,FALSE
"MB_305.12",FALSE,FALSE
"MB_305.13",FALSE,FALSE
"MB_305.14",FALSE,FALSE
"MB_306",FALSE,FALSE
"MB_307",FALSE,FALSE
"MB_307.3",FALSE,FALSE
"MB_307.4",FALSE,FALSE
"MB_308",FALSE,FALSE
"MB_308.1",FALSE,FALSE
"MB_308.2",FALSE,FALSE
"MB_308.3",FALSE,FALSE
"MB_308.31",FALSE,FALSE
"MB_308.32",FALSE,FALSE
"MB_308.4",FALSE,FALSE
"MB_309",FALSE,FALSE
"MB_309.1",FALSE,FALSE
"MB_309.2",FALSE,FALSE
"MB_309.3",FALSE,FALSE
"MB_309.4",FALSE,FALSE
"MB_309.5",FALSE,FALSE
"MB_309.6",FALSE,FALSE
"MB_309.7",FALSE,FALSE
"MB_309.8",FALSE,FALSE
"MB_309.9",FALSE,FALSE
"MS_700",FALSE,FALSE
"MS_700.1",FALSE,FALSE
"MS_700.11",FALSE,FALSE
"MS_700.12",FALSE,FALSE
"MS_700.2",FALSE,FALSE
"MS_700.3",FALSE,FALSE
"MS_700.4",FALSE,FALSE
"MS_700.41",FALSE,FALSE
"MS_700.42",FALSE,FALSE
"MS_700.43",FALSE,FALSE
"MS_700.44",FALSE,FALSE
"MS_700.6",FALSE,FALSE
"MS_700.7",FALSE,FALSE
"MS_701",FALSE,FALSE
"MS_701.1",FALSE,FALSE
"MS_701.11",FALSE,FALSE
"MS_701.12",FALSE,FALSE
"MS_702",FALSE,FALSE
"MS_702.1",FALSE,FALSE
"MS_702.2",FALSE,FALSE
"MS_702.3",FALSE,FALSE
"MS_703",FALSE,FALSE
"MS_703.1",FALSE,FALSE
"MS_703.2",FALSE,FALSE
"MS_703.3",FALSE,FALSE
"MS_704",FALSE,FALSE
"MS_704.1",FALSE,FALSE
"MS_704.11",FALSE,FALSE
"MS_704.12",FALSE,FALSE
"MS_704.13",FALSE,FALSE
"MS_704.2",FALSE,FALSE
"MS_704.3",FALSE,FALSE
"MS_704.4",FALSE,FALSE
"MS_704.5",FALSE,FALSE
"MS_704.6",FALSE,FALSE
"MS_704.7",FALSE,FALSE
"MS_704.8",FALSE,FALSE
"MS_704.9",FALSE,FALSE
"MS_705",FALSE,FALSE
"MS_705.1",FALSE,FALSE
"MS_705.11",FALSE,FALSE
"MS_705.12",FALSE,FALSE
"MS_705.2",FALSE,FALSE
"MS_705.3",FALSE,FALSE
"MS_705.4",FALSE,FALSE
"MS_705.5",FALSE,FALSE
"MS_705.6",FALSE,FALSE
"MS_706",FALSE,FALSE
"MS_706.1",FALSE,FALSE
"MS_706.2",FALSE,FALSE
"MS_706.3",FALSE,FALSE
"MS_707",FALSE,FALSE
"MS_707.1",FALSE,FALSE
"MS_707.2",FALSE,FALSE
"MS_707.3",FALSE,FALSE
"MS_707.8",FALSE,FALSE
"MS_707.9",FALSE,FALSE
"MS_708",FALSE,FALSE
"MS_708.1",FALSE,FALSE
"MS_708.11",FALSE,FALSE
"MS_709",FALSE,FALSE
"MS_709.1",FALSE,FALSE
"MS_709.11",FALSE,FALSE
"MS_709.12",FALSE,FALSE
"MS_709.13",FALSE,FALSE
"MS_709.2",FALSE,FALSE
"MS_709.21",FALSE,FALSE
"MS_709.22",FALSE,FALSE
"MS_709.23",FALSE,FALSE
"MS_709.24",FALSE,FALSE
"MS_710",FALSE,FALSE
"MS_710.1",FALSE,FALSE
"MS_710.11",FALSE,FALSE
"MS_710.12",FALSE,FALSE
"MS_710.13",FALSE,FALSE
"MS_710.2",FALSE,FALSE
"MS_710.21",FALSE,FALSE
"MS_710.22",FALSE,FALSE
"MS_710.23",FALSE,FALSE
"MS_710.3",FALSE,FALSE
"MS_710.31",FALSE,FALSE
"MS_710.32",FALSE,FALSE
"MS_710.4",FALSE,FALSE
"MS_710.41",FALSE,FALSE
"MS_710.42",FALSE,FALSE
"MS_710.43",FALSE,FALSE
"MS_710.44",FALSE,FALSE
"MS_710.45",FALSE,FALSE
"MS_710.6",FALSE,FALSE
"MS_711",FALSE,FALSE
"MS_711.1",FALSE,FALSE
"MS_712",FALSE,FALSE
"MS_712.1",FALSE,FALSE
"MS_712.3",FALSE,FALSE
"MS_712.4",FALSE,FALSE
"MS_712.5",FALSE,FALSE
"MS_712.51",FALSE,FALSE
"MS_712.6",FALSE,FALSE
"MS_712.61",FALSE,FALSE
"MS_712.62",FALSE,FALSE
"MS_712.63",FALSE,FALSE
"MS_713",FALSE,FALSE
"MS_713.1",FALSE,FALSE
"MS_713.2",FALSE,FALSE
"MS_713.3",FALSE,FALSE
"MS_713.31",FALSE,FALSE
"MS_713.32",FALSE,FALSE
"MS_713.34",FALSE,FALSE
"MS_713.35",FALSE,FALSE
"MS_713.36",FALSE,FALSE
"MS_713.37",FALSE,FALSE
"MS_713.38",FALSE,FALSE
"MS_713.4",FALSE,FALSE
"MS_713.5",FALSE,FALSE
"MS_714",FALSE,FALSE
"MS_714.1",FALSE,FALSE
"MS_714.2",FALSE,FALSE
"MS_714.3",FALSE,FALSE
"MS_714.31",FALSE,FALSE
"MS_714.32",FALSE,FALSE
"MS_714.5",FALSE,FALSE
"MS_714.6",FALSE,FALSE
"MS_714.7",FALSE,FALSE
"MS_715",FALSE,FALSE
"MS_715.1",FALSE,FALSE
"MS_715.4",FALSE,FALSE
"MS_715.5",FALSE,FALSE
"MS_715.6",FALSE,FALSE
"MS_716",FALSE,FALSE
"MS_716.1",FALSE,FALSE
"MS_716.2",FALSE,FALSE
"MS_716.3",FALSE,FALSE
"MS_717",FALSE,FALSE
"MS_717.1",FALSE,FALSE
"MS_717.2",FALSE,FALSE
"MS_717.3",FALSE,FALSE
"MS_718",FALSE,FALSE
"MS_718.1",FALSE,FALSE
"MS_718.2",FALSE,FALSE
"MS_718.3",FALSE,FALSE
"MS_718.4",FALSE,FALSE
"MS_718.5",FALSE,FALSE
"MS_719",FALSE,FALSE
"MS_719.1",FALSE,FALSE
"MS_719.11",FALSE,FALSE
"MS_719.2",FALSE,FALSE
"MS_719.21",FALSE,FALSE
"MS_719.22",FALSE,FALSE
"MS_719.3",FALSE,FALSE
"MS_719.4",FALSE,FALSE
"MS_719.5",FALSE,FALSE
"MS_719.6",FALSE,FALSE
"MS_719.61",FALSE,FALSE
"MS_719.8",FALSE,FALSE
"MS_719.9",FALSE,FALSE
"MS_719.91",FALSE,FALSE
"MS_719.92",FALSE,FALSE
"MS_719.93",FALSE,FALSE
"MS_720",FALSE,FALSE
"MS_721",FALSE,FALSE
"MS_721.1",FALSE,FALSE
"MS_721.11",FALSE,FALSE
"MS_721.12",FALSE,FALSE
"MS_721.15",FALSE,FALSE
"MS_721.16",FALSE,FALSE
"MS_721.2",FALSE,FALSE
"MS_721.3",FALSE,FALSE
"MS_721.4",FALSE,FALSE
"MS_721.5",FALSE,FALSE
"MS_721.6",FALSE,FALSE
"MS_721.7",FALSE,FALSE
"MS_722",FALSE,FALSE
"MS_722.1",FALSE,FALSE
"MS_722.2",FALSE,FALSE
"MS_722.3",FALSE,FALSE
"MS_722.4",FALSE,FALSE
"MS_723",FALSE,FALSE
"MS_723.1",FALSE,FALSE
"MS_723.2",FALSE,FALSE
"MS_723.3",FALSE,FALSE
"MS_723.4",FALSE,FALSE
"MS_723.5",FALSE,FALSE
"MS_723.51",FALSE,FALSE
"MS_723.52",FALSE,FALSE
"MS_723.6",FALSE,FALSE
"MS_723.7",FALSE,FALSE
"MS_724",FALSE,FALSE
"MS_724.1",FALSE,FALSE
"MS_724.2",FALSE,FALSE
"MS_724.3",FALSE,FALSE
"MS_724.4",FALSE,FALSE
"MS_724.5",FALSE,FALSE
"MS_724.51",FALSE,FALSE
"MS_724.52",FALSE,FALSE
"MS_725",FALSE,FALSE
"MS_725.1",FALSE,FALSE
"MS_726",FALSE,FALSE
"MS_726.1",FALSE,FALSE
"MS_726.5",FALSE,FALSE
"MS_726.6",FALSE,FALSE
"MS_726.7",FALSE,FALSE
"MS_726.8",FALSE,FALSE
"MS_727",FALSE,FALSE
"MS_727.1",FALSE,FALSE
"MS_727.2",FALSE,FALSE
"MS_727.3",FALSE,FALSE
"MS_727.4",FALSE,FALSE
"MS_727.5",FALSE,FALSE
"MS_727.6",FALSE,FALSE
"MS_727.7",FALSE,FALSE
"MS_728",FALSE,FALSE
"MS_728.1",FALSE,FALSE
"MS_728.2",FALSE,FALSE
"MS_728.3",FALSE,FALSE
"MS_728.4",FALSE,FALSE
"MS_728.6",FALSE,FALSE
"MS_728.7",FALSE,FALSE
"MS_728.8",FALSE,FALSE
"MS_729",FALSE,FALSE
"MS_730",FALSE,FALSE
"MS_730.1",FALSE,FALSE
"MS_730.3",FALSE,FALSE
"MS_730.4",FALSE,FALSE
"MS_732",FALSE,FALSE
"MS_733",FALSE,FALSE
"MS_733.1",FALSE,FALSE
"MS_733.11",FALSE,FALSE
"MS_733.111",FALSE,FALSE
"MS_733.112",FALSE,FALSE
"MS_733.113",FALSE,FALSE
"MS_733.12",FALSE,FALSE
"MS_733.121",FALSE,FALSE
"MS_733.122",FALSE,FALSE
"MS_733.123",FALSE,FALSE
"MS_733.2",FALSE,FALSE
"MS_733.3",FALSE,FALSE
"MS_733.31",FALSE,FALSE
"MS_733.4",FALSE,FALSE
"MS_733.41",FALSE,FALSE
"MS_733.7",FALSE,FALSE
"MS_734",FALSE,FALSE
"MS_734.4",FALSE,FALSE
"MS_734.5",FALSE,FALSE
"MS_734.6",FALSE,FALSE
"MS_734.61",FALSE,FALSE
"MS_734.62",FALSE,FALSE
"MS_734.63",FALSE,FALSE
"MS_734.9",FALSE,FALSE
"MS_740",FALSE,FALSE
"MS_740.1",FALSE,FALSE
"MS_740.2",FALSE,FALSE
"MS_740.3",FALSE,FALSE
"MS_740.4",FALSE,FALSE
"MS_740.5",FALSE,FALSE
"MS_740.6",FALSE,FALSE
"MS_740.7",FALSE,FALSE
"MS_740.8",FALSE,FALSE
"MS_740.9",FALSE,FALSE
"MS_741",FALSE,FALSE
"MS_741.1",FALSE,FALSE
"MS_741.11",FALSE,FALSE
"MS_741.13",FALSE,FALSE
"MS_741.14",FALSE,FALSE
"MS_741.2",FALSE,FALSE
"MS_741.3",FALSE,FALSE
"MS_741.4",FALSE,FALSE
"MS_741.5",FALSE,FALSE
"MS_741.6",FALSE,FALSE
"MS_741.7",FALSE,FALSE
"MS_741.71",FALSE,FALSE
"MS_741.72",FALSE,FALSE
"MS_742",FALSE,FALSE
"MS_745",FALSE,FALSE
"MS_745.1",FALSE,FALSE
"MS_745.11",FALSE,FALSE
"MS_745.2",FALSE,FALSE
"MS_745.3",FALSE,FALSE
"MS_745.4",FALSE,FALSE
"MS_745.5",FALSE,FALSE
"MS_745.6",FALSE,FALSE
"MS_745.61",FALSE,FALSE
"MS_745.7",FALSE,FALSE
"MS_745.8",FALSE,FALSE
"MS_745.9",FALSE,FALSE
"NB_850",FALSE,FALSE
"NB_850.1",FALSE,FALSE
"NB_850.2",FALSE,FALSE
"NB_850.3",FALSE,FALSE
"NB_851",FALSE,FALSE
"NB_853",FALSE,FALSE
"NB_853.1",FALSE,FALSE
"NB_853.2",FALSE,FALSE
"NB_853.21",FALSE,FALSE
"NB_853.22",FALSE,FALSE
"NB_853.3",FALSE,FALSE
"NB_853.4",FALSE,FALSE
"NB_853.5",FALSE,FALSE
"NB_853.6",FALSE,FALSE
"NB_854",FALSE,FALSE
"NB_854.1",FALSE,FALSE
"NB_854.11",FALSE,FALSE
"NB_854.12",FALSE,FALSE
"NB_854.2",FALSE,FALSE
"NB_854.4",FALSE,FALSE
"NB_854.5",FALSE,FALSE
"NB_854.6",FALSE,FALSE
"NB_854.7",FALSE,FALSE
"NB_854.71",FALSE,FALSE
"NB_854.9",FALSE,FALSE
"NB_856",FALSE,FALSE
"NB_856.1",FALSE,FALSE
"NB_856.11",FALSE,FALSE
"NB_856.2",FALSE,FALSE
"NB_856.21",FALSE,FALSE
"NB_856.3",FALSE,FALSE
"NB_856.4",FALSE,FALSE
"NB_856.5",FALSE,FALSE
"NB_856.6",FALSE,FALSE
"NB_856.7",FALSE,FALSE
"NB_856.8",FALSE,FALSE
"NB_857",FALSE,FALSE
"NB_857.1",FALSE,FALSE
"NB_857.11",FALSE,FALSE
"NB_857.2",FALSE,FALSE
"NB_857.3",FALSE,FALSE
"NB_857.4",FALSE,FALSE
"NB_857.5",FALSE,FALSE
"NB_857.51",FALSE,FALSE
"NB_857.8",FALSE,FALSE
"NB_858",FALSE,FALSE
"NB_858.1",FALSE,FALSE
"NB_858.2",FALSE,FALSE
"NB_859",FALSE,FALSE
"NB_859.1",FALSE,FALSE
"NB_859.2",FALSE,FALSE
"NB_859.3",FALSE,FALSE
"NB_860",FALSE,FALSE
"NB_860.1",FALSE,FALSE
"NB_860.11",FALSE,FALSE
"NB_860.12",FALSE,FALSE
"NB_860.2",FALSE,FALSE
"NB_860.3",FALSE,FALSE
"NB_860.4",FALSE,FALSE
"NB_861",FALSE,FALSE
"NB_861.1",FALSE,FALSE
"NB_861.2",FALSE,FALSE
"NB_862",FALSE,FALSE
"NB_863",FALSE,FALSE
"NB_864",FALSE,FALSE
"NB_864.1",FALSE,FALSE
"NB_864.2",FALSE,FALSE
"NB_864.3",FALSE,FALSE
"NB_864.31",FALSE,FALSE
"NB_864.32",FALSE,FALSE
"NB_864.4",FALSE,FALSE
"NB_864.5",FALSE,FALSE
"NB_865",FALSE,FALSE
"NB_865.1",FALSE,FALSE
"NB_865.11",FALSE,FALSE
"NB_865.12",FALSE,FALSE
"NB_865.2",FALSE,FALSE
"NB_865.3",FALSE,FALSE
"NB_865.5",FALSE,FALSE
"NB_865.6",FALSE,FALSE
"NB_865.7",FALSE,FALSE
"NB_866",FALSE,FALSE
"NB_866.1",FALSE,FALSE
"NB_868",FALSE,FALSE
"NB_868.1",FALSE,FALSE
"NB_868.2",FALSE,FALSE
"NB_868.3",FALSE,FALSE
"NB_868.4",FALSE,FALSE
"NB_868.5",FALSE,FALSE
"NB_868.7",FALSE,FALSE
"NB_870",FALSE,FALSE
"NB_870.1",FALSE,FALSE
"NB_870.2",FALSE,FALSE
"NB_870.3",FALSE,FALSE
"NB_870.4",FALSE,FALSE
"NB_871",FALSE,FALSE
"NB_871.1",FALSE,FALSE
"NB_871.2",FALSE,FALSE
"NB_871.4",FALSE,FALSE
"NB_872",FALSE,FALSE
"NB_872.1",FALSE,FALSE
"NB_872.11",FALSE,FALSE
"NB_872.12",FALSE,FALSE
"NB_872.13",FALSE,FALSE
"NB_872.2",FALSE,FALSE
"NB_872.4",FALSE,FALSE
"NB_872.5",FALSE,FALSE
"NB_873",FALSE,FALSE
"NB_873.1",FALSE,FALSE
"NB_873.2",FALSE,FALSE
"NB_873.3",FALSE,FALSE
"NB_873.4",FALSE,FALSE
"NB_873.5",FALSE,FALSE
"NB_873.6",FALSE,FALSE
"NB_874",FALSE,FALSE
"NB_875",FALSE,FALSE
"NB_876",FALSE,FALSE
"NB_877",FALSE,FALSE
"NB_878",FALSE,FALSE
"NB_879",FALSE,FALSE
"NB_880",FALSE,FALSE
"NB_881",FALSE,FALSE
"NB_882",FALSE,FALSE
"NB_882.1",FALSE,FALSE
"NB_885",FALSE,FALSE
"NB_885.1",FALSE,FALSE
"NB_885.11",FALSE,FALSE
"NB_885.12",FALSE,FALSE
"NB_885.13",FALSE,FALSE
"NB_885.131",FALSE,FALSE
"NB_885.132",FALSE,FALSE
"NB_885.14",FALSE,FALSE
"NB_885.141",FALSE,FALSE
"NB_885.142",FALSE,FALSE
"NB_885.2",FALSE,FALSE
"NB_885.21",FALSE,FALSE
"NB_885.211",FALSE,FALSE
"NB_885.212",FALSE,FALSE
"NB_885.22",FALSE,FALSE
"NB_885.221",FALSE,FALSE
"NB_885.222",FALSE,FALSE
"NB_885.3",FALSE,FALSE
"NB_885.31",FALSE,FALSE
"NB_885.311",FALSE,FALSE
"NB_885.312",FALSE,FALSE
"NB_885.32",FALSE,FALSE
"NB_885.321",FALSE,FALSE
"NB_885.322",FALSE,FALSE
"NB_885.4",FALSE,FALSE
"NB_885.5",FALSE,FALSE
"NB_886",FALSE,FALSE
"NB_886.1",FALSE,FALSE
"NB_886.11",FALSE,FALSE
"NB_886.12",FALSE,FALSE
"NB_886.13",FALSE,FALSE
"NB_886.2",FALSE,FALSE
"NB_886.21",FALSE,FALSE
"NB_886.22",FALSE,FALSE
"NB_886.3",FALSE,FALSE
"NB_886.31",FALSE,FALSE
"NB_886.32",FALSE,FALSE
"NB_886.33",FALSE,FALSE
"NB_886.4",FALSE,FALSE
"NB_887",FALSE,FALSE
"NB_889",FALSE,FALSE
"NB_889.1",FALSE,FALSE
"NB_889.2",FALSE,FALSE
"NB_889.4",FALSE,FALSE
"NS_320",FALSE,FALSE
"NS_320.1",FALSE,FALSE
"NS_320.11",FALSE,FALSE
"NS_320.12",FALSE,FALSE
"NS_320.13",FALSE,FALSE
"NS_320.2",FALSE,FALSE
"NS_320.21",FALSE,FALSE
"NS_320.22",FALSE,FALSE
"NS_321",FALSE,FALSE
"NS_321.1",FALSE,FALSE
"NS_321.11",FALSE,FALSE
"NS_321.12",FALSE,FALSE
"NS_321.13",FALSE,FALSE
"NS_321.14",FALSE,FALSE
"NS_321.2",FALSE,FALSE
"NS_321.21",FALSE,FALSE
"NS_322",FALSE,FALSE
"NS_322.1",FALSE,FALSE
"NS_322.2",FALSE,FALSE
"NS_322.4",FALSE,FALSE
"NS_323",FALSE,FALSE
"NS_323.3",FALSE,FALSE
"NS_323.31",FALSE,FALSE
"NS_323.32",FALSE,FALSE
"NS_323.33",FALSE,FALSE
"NS_324",FALSE,FALSE
"NS_324.1",FALSE,FALSE
"NS_324.11",FALSE,FALSE
"NS_324.2",FALSE,FALSE
"NS_324.21",FALSE,FALSE
"NS_324.3",FALSE,FALSE
"NS_324.31",FALSE,FALSE
"NS_324.311",FALSE,FALSE
"NS_324.314",FALSE,FALSE
"NS_324.315",FALSE,FALSE
"NS_324.316",FALSE,FALSE
"NS_324.32",FALSE,FALSE
"NS_324.33",FALSE,FALSE
"NS_324.34",FALSE,FALSE
"NS_324.341",FALSE,FALSE
"NS_324.342",FALSE,FALSE
"NS_324.35",FALSE,FALSE
"NS_324.5",FALSE,FALSE
"NS_324.6",FALSE,FALSE
"NS_324.7",FALSE,FALSE
"NS_324.9",FALSE,FALSE
"NS_325",FALSE,FALSE
"NS_325.1",FALSE,FALSE
"NS_325.2",FALSE,FALSE
"NS_325.3",FALSE,FALSE
"NS_326",FALSE,FALSE
"NS_326.1",FALSE,FALSE
"NS_326.2",FALSE,FALSE
"NS_326.3",FALSE,FALSE
"NS_328",FALSE,FALSE
"NS_328.1",FALSE,FALSE
"NS_328.11",FALSE,FALSE
"NS_328.12",FALSE,FALSE
"NS_328.13",FALSE,FALSE
"NS_328.14",FALSE,FALSE
"NS_328.3",FALSE,FALSE
"NS_328.33",FALSE,FALSE
"NS_328.34",FALSE,FALSE
"NS_329",FALSE,FALSE
"NS_329.1",FALSE,FALSE
"NS_329.2",FALSE,FALSE
"NS_329.3",FALSE,FALSE
"NS_329.4",FALSE,FALSE
"NS_329.41",FALSE,FALSE
"NS_329.42",FALSE,FALSE
"NS_329.43",FALSE,FALSE
"NS_329.44",FALSE,FALSE
"NS_329.45",FALSE,FALSE
"NS_329.5",FALSE,FALSE
"NS_329.6",FALSE,FALSE
"NS_329.8",FALSE,FALSE
"NS_330",FALSE,FALSE
"NS_330.1",FALSE,FALSE
"NS_330.11",FALSE,FALSE
"NS_330.12",FALSE,FALSE
"NS_330.14",FALSE,FALSE
"NS_330.15",FALSE,FALSE
"NS_330.3",FALSE,FALSE
"NS_330.31",FALSE,FALSE
"NS_330.4",FALSE,FALSE
"NS_331",FALSE,FALSE
"NS_331.1",FALSE,FALSE
"NS_331.2",FALSE,FALSE
"NS_331.3",FALSE,FALSE
"NS_331.31",FALSE,FALSE
"NS_331.32",FALSE,FALSE
"NS_331.33",FALSE,FALSE
"NS_331.4",FALSE,FALSE
"NS_331.5",FALSE,FALSE
"NS_331.6",FALSE,FALSE
"NS_331.61",FALSE,FALSE
"NS_331.62",FALSE,FALSE
"NS_331.63",FALSE,TRUE
"NS_331.64",FALSE,FALSE
"NS_331.7",FALSE,FALSE
"NS_333",FALSE,FALSE
"NS_333.1",FALSE,FALSE
"NS_333.11",FALSE,FALSE
"NS_333.12",FALSE,FALSE
"NS_333.13",FALSE,FALSE
"NS_333.14",FALSE,FALSE
"NS_333.2",FALSE,FALSE
"NS_333.3",FALSE,FALSE
"NS_333.4",FALSE,FALSE
"NS_333.5",FALSE,FALSE
"NS_333.51",FALSE,FALSE
"NS_333.52",FALSE,FALSE
"NS_333.53",FALSE,FALSE
"NS_333.54",FALSE,FALSE
"NS_333.55",FALSE,FALSE
"NS_333.6",FALSE,FALSE
"NS_333.61",FALSE,FALSE
"NS_333.62",FALSE,FALSE
"NS_333.63",FALSE,FALSE
"NS_333.64",FALSE,FALSE
"NS_333.7",FALSE,FALSE
"NS_333.71",FALSE,FALSE
"NS_333.8",FALSE,FALSE
"NS_334",FALSE,FALSE
"NS_334.1",FALSE,FALSE
"NS_334.11",FALSE,FALSE
"NS_334.12",FALSE,FALSE
"NS_334.2",FALSE,FALSE
"NS_334.21",FALSE,FALSE
"NS_334.22",FALSE,FALSE
"NS_334.23",FALSE,FALSE
"NS_334.24",FALSE,FALSE
"NS_334.25",FALSE,FALSE
"NS_334.3",FALSE,FALSE
"NS_334.4",FALSE,FALSE
"NS_334.41",FALSE,FALSE
"NS_334.42",FALSE,FALSE
"NS_334.44",FALSE,FALSE
"NS_334.5",FALSE,FALSE
"NS_334.6",FALSE,FALSE
"NS_334.8",FALSE,FALSE
"NS_334.9",FALSE,FALSE
"NS_335",FALSE,FALSE
"NS_335.1",FALSE,FALSE
"NS_335.2",FALSE,FALSE
"NS_335.3",FALSE,FALSE
"NS_335.4",FALSE,FALSE
"NS_336",FALSE,FALSE
"NS_336.4",FALSE,FALSE
"NS_336.41",FALSE,FALSE
"NS_336.411",FALSE,FALSE
"NS_336.5",FALSE,FALSE
"NS_336.51",FALSE,FALSE
"NS_336.52",FALSE,FALSE
"NS_337",FALSE,FALSE
"NS_337.2",FALSE,FALSE
"NS_337.21",FALSE,FALSE
"NS_337.22",FALSE,FALSE
"NS_337.3",FALSE,FALSE
"NS_337.4",FALSE,FALSE
"NS_337.5",FALSE,FALSE
"NS_337.6",FALSE,FALSE
"NS_338",FALSE,FALSE
"NS_338.1",FALSE,FALSE
"NS_338.2",FALSE,FALSE
"NS_338.3",FALSE,FALSE
"NS_339",FALSE,FALSE
"NS_339.2",FALSE,FALSE
"NS_339.4",FALSE,FALSE
"NS_340",FALSE,FALSE
"NS_340.1",FALSE,FALSE
"NS_340.2",FALSE,FALSE
"NS_340.3",FALSE,FALSE
"NS_341",FALSE,FALSE
"NS_341.1",FALSE,FALSE
"NS_341.11",FALSE,FALSE
"NS_341.12",FALSE,FALSE
"NS_341.13",FALSE,FALSE
"NS_341.2",FALSE,FALSE
"NS_341.21",FALSE,FALSE
"NS_341.22",FALSE,FALSE
"NS_341.23",FALSE,FALSE
"NS_341.6",FALSE,FALSE
"NS_341.9",FALSE,FALSE
"NS_342",FALSE,FALSE
"NS_342.1",FALSE,FALSE
"NS_342.2",FALSE,FALSE
"NS_342.4",FALSE,FALSE
"NS_343",FALSE,FALSE
"NS_343.1",FALSE,FALSE
"NS_343.2",FALSE,FALSE
"NS_343.3",FALSE,FALSE
"NS_343.5",FALSE,FALSE
"NS_343.6",FALSE,FALSE
"NS_343.7",FALSE,FALSE
"NS_344",FALSE,FALSE
"NS_344.1",FALSE,FALSE
"NS_344.11",FALSE,FALSE
"NS_344.12",FALSE,FALSE
"NS_344.13",FALSE,FALSE
"NS_344.2",FALSE,FALSE
"NS_344.3",FALSE,FALSE
"NS_345",FALSE,FALSE
"NS_345.1",FALSE,FALSE
"NS_345.2",FALSE,FALSE
"NS_345.3",FALSE,FALSE
"NS_345.5",FALSE,FALSE
"NS_346",FALSE,FALSE
"NS_346.1",FALSE,FALSE
"NS_346.2",FALSE,FALSE
"NS_346.3",FALSE,FALSE
"NS_346.5",FALSE,FALSE
"NS_346.6",FALSE,FALSE
"NS_347",FALSE,FALSE
"NS_347.1",FALSE,FALSE
"NS_347.2",FALSE,FALSE
"NS_347.21",FALSE,FALSE
"NS_347.3",FALSE,FALSE
"NS_348",FALSE,FALSE
"NS_348.1",FALSE,FALSE
"NS_348.2",FALSE,FALSE
"NS_348.21",FALSE,FALSE
"NS_348.4",FALSE,FALSE
"NS_349",FALSE,FALSE
"NS_349.1",FALSE,FALSE
"NS_349.12",FALSE,FALSE
"NS_349.13",FALSE,FALSE
"NS_349.14",FALSE,FALSE
"NS_349.15",FALSE,FALSE
"NS_349.2",FALSE,FALSE
"NS_349.3",FALSE,FALSE
"NS_350",FALSE,FALSE
"NS_350.2",FALSE,FALSE
"NS_350.3",FALSE,FALSE
"NS_350.4",FALSE,FALSE
"NS_350.5",FALSE,FALSE
"NS_351",FALSE,FALSE
"NS_351.1",FALSE,FALSE
"NS_351.2",FALSE,FALSE
"NS_351.3",FALSE,FALSE
"NS_351.4",FALSE,FALSE
"NS_352",FALSE,FALSE
"NS_352.1",FALSE,FALSE
"NS_352.2",FALSE,FALSE
"NS_354",FALSE,FALSE
"NS_355",FALSE,FALSE
"NS_355.1",FALSE,FALSE
"NS_355.2",FALSE,FALSE
"NS_355.21",FALSE,FALSE
"NS_356",FALSE,FALSE
"NS_356.1",FALSE,FALSE
"NS_356.2",FALSE,FALSE
"NS_356.4",FALSE,FALSE
"PP_900",FALSE,TRUE
"PP_900.1",FALSE,TRUE
"PP_900.2",FALSE,TRUE
"PP_901",FALSE,TRUE
"PP_901.1",FALSE,TRUE
"PP_901.11",FALSE,TRUE
"PP_901.12",FALSE,TRUE
"PP_901.13",FALSE,TRUE
"PP_901.2",FALSE,TRUE
"PP_901.3",FALSE,TRUE
"PP_901.4",FALSE,TRUE
"PP_902",FALSE,TRUE
"PP_903",FALSE,TRUE
"PP_903.1",FALSE,TRUE
"PP_903.2",FALSE,TRUE
"PP_904",FALSE,TRUE
"PP_904.1",FALSE,TRUE
"PP_904.11",FALSE,TRUE
"PP_904.2",FALSE,TRUE
"PP_904.3",FALSE,TRUE
"PP_905",FALSE,TRUE
"PP_906",FALSE,TRUE
"PP_907",FALSE,TRUE
"PP_907.1",FALSE,TRUE
"PP_907.2",FALSE,TRUE
"PP_907.3",FALSE,TRUE
"PP_907.4",FALSE,TRUE
"PP_907.6",FALSE,TRUE
"PP_907.7",FALSE,TRUE
"PP_907.8",FALSE,TRUE
"PP_908",FALSE,TRUE
"PP_908.1",FALSE,TRUE
"PP_908.12",FALSE,TRUE
"PP_908.13",FALSE,TRUE
"PP_908.14",FALSE,TRUE
"PP_908.2",FALSE,TRUE
"PP_908.3",FALSE,TRUE
"PP_908.4",FALSE,TRUE
"PP_909",FALSE,TRUE
"PP_909.1",FALSE,TRUE
"PP_909.2",FALSE,TRUE
"PP_909.3",FALSE,TRUE
"PP_910",FALSE,TRUE
"PP_910.1",FALSE,TRUE
"PP_911",FALSE,TRUE
"PP_911.1",FALSE,TRUE
"PP_912",FALSE,TRUE
"PP_912.1",FALSE,TRUE
"PP_912.2",FALSE,TRUE
"PP_912.21",FALSE,TRUE
"PP_913",FALSE,TRUE
"PP_914",FALSE,TRUE
"PP_916",FALSE,TRUE
"PP_916.1",FALSE,TRUE
"PP_916.2",FALSE,TRUE
"PP_916.21",FALSE,TRUE
"PP_916.4",FALSE,TRUE
"PP_916.6",FALSE,TRUE
"PP_916.7",FALSE,TRUE
"PP_917",FALSE,TRUE
"PP_918",FALSE,TRUE
"PP_919",FALSE,TRUE
"PP_920",FALSE,TRUE
"PP_920.1",FALSE,TRUE
"PP_920.2",FALSE,TRUE
"PP_920.3",FALSE,TRUE
"PP_920.31",FALSE,TRUE
"PP_922",FALSE,TRUE
"PP_922.1",FALSE,TRUE
"PP_922.2",FALSE,TRUE
"PP_923",FALSE,TRUE
"PP_924",FALSE,TRUE
"PP_926",FALSE,TRUE
"PP_926.1",FALSE,TRUE
"PP_926.11",FALSE,TRUE
"PP_927",FALSE,TRUE
"PP_927.1",FALSE,TRUE
"PP_927.2",FALSE,TRUE
"PP_927.3",FALSE,TRUE
"PP_928",FALSE,TRUE
"PP_928.1",FALSE,TRUE
"PP_928.2",FALSE,TRUE
"PP_929",FALSE,TRUE
"PP_930",FALSE,TRUE
"PP_930.3",FALSE,TRUE
"PP_930.31",FALSE,TRUE
"PP_932",FALSE,TRUE
"PP_932.1",FALSE,TRUE
"PP_932.11",FALSE,TRUE
"PP_932.2",FALSE,TRUE
"PP_932.3",FALSE,TRUE
"PP_932.4",FALSE,TRUE
"PP_932.5",FALSE,TRUE
"PP_932.6",FALSE,TRUE
"PP_935",FALSE,TRUE
"PP_937",FALSE,TRUE
"PP_938",FALSE,TRUE
"PP_938.1",FALSE,TRUE
"PP_940",FALSE,TRUE
"PP_940.1",FALSE,TRUE
"PP_940.2",FALSE,TRUE
"PP_940.3",FALSE,TRUE
"PP_941",FALSE,TRUE
"PP_941.1",FALSE,TRUE
"PP_941.2",FALSE,TRUE
"PP_941.3",FALSE,TRUE
"PP_941.4",FALSE,TRUE
"PP_941.5",FALSE,TRUE
"PP_944",FALSE,TRUE
"PP_945",FALSE,TRUE
"PP_945.2",FALSE,TRUE
"PP_945.3",FALSE,TRUE
"PP_947",FALSE,TRUE
"PP_947.1",FALSE,TRUE
"PP_947.2",FALSE,TRUE
"PP_947.3",FALSE,TRUE
"PP_947.4",FALSE,TRUE
"PP_947.5",FALSE,TRUE
"PP_947.6",FALSE,TRUE
"PP_949",FALSE,TRUE
"PP_949.1",FALSE,TRUE
"PP_949.2",FALSE,TRUE
"PP_949.3",FALSE,TRUE
"PP_949.4",FALSE,TRUE
"PP_950",FALSE,TRUE
"PP_952",FALSE,TRUE
"PP_952.5",FALSE,TRUE
"PP_954",FALSE,TRUE
"PP_954.2",FALSE,TRUE
"RE_460",FALSE,FALSE
"RE_460.1",FALSE,FALSE
"RE_460.2",FALSE,FALSE
"RE_460.3",FALSE,FALSE
"RE_462",FALSE,FALSE
"RE_462.1",FALSE,FALSE
"RE_462.2",FALSE,FALSE
"RE_463",FALSE,FALSE
"RE_463.1",FALSE,FALSE
"RE_463.2",FALSE,FALSE
"RE_463.21",FALSE,FALSE
"RE_463.22",FALSE,FALSE
"RE_463.23",FALSE,FALSE
"RE_463.3",FALSE,FALSE
"RE_463.4",FALSE,FALSE
"RE_463.5",FALSE,FALSE
"RE_464",FALSE,FALSE
"RE_464.1",FALSE,FALSE
"RE_464.2",FALSE,FALSE
"RE_465",FALSE,FALSE
"RE_465.1",FALSE,FALSE
"RE_465.11",FALSE,FALSE
"RE_465.2",FALSE,FALSE
"RE_465.3",FALSE,FALSE
"RE_466",FALSE,FALSE
"RE_466.1",FALSE,FALSE
"RE_466.2",FALSE,FALSE
"RE_466.3",FALSE,FALSE
"RE_466.4",FALSE,FALSE
"RE_467",FALSE,FALSE
"RE_467.1",FALSE,FALSE
"RE_467.11",FALSE,FALSE
"RE_467.2",FALSE,FALSE
"RE_467.3",FALSE,FALSE
"RE_467.4",FALSE,FALSE
"RE_468",FALSE,FALSE
"RE_468.1",FALSE,FALSE
"RE_468.2",FALSE,FALSE
"RE_468.21",FALSE,FALSE
"RE_468.22",FALSE,FALSE
"RE_468.3",FALSE,FALSE
"RE_468.4",FALSE,FALSE
"RE_468.5",FALSE,FALSE
"RE_468.6",FALSE,FALSE
"RE_468.8",FALSE,FALSE
"RE_468.9",FALSE,FALSE
"RE_469",FALSE,FALSE
"RE_469.1",FALSE,FALSE
"RE_469.2",FALSE,FALSE
"RE_470",FALSE,FALSE
"RE_471",FALSE,FALSE
"RE_471.1",FALSE,FALSE
"RE_471.2",FALSE,FALSE
"RE_471.3",FALSE,FALSE
"RE_471.5",FALSE,FALSE
"RE_472",FALSE,FALSE
"RE_472.1",FALSE,FALSE
"RE_472.2",FALSE,FALSE
"RE_472.3",FALSE,FALSE
"RE_472.4",FALSE,FALSE
"RE_472.5",FALSE,FALSE
"RE_472.6",FALSE,FALSE
"RE_474",FALSE,FALSE
"RE_474.1",FALSE,FALSE
"RE_474.11",FALSE,FALSE
"RE_474.12",FALSE,FALSE
"RE_474.13",FALSE,FALSE
"RE_475",FALSE,FALSE
"RE_475.5",FALSE,FALSE
"RE_475.6",FALSE,FALSE
"RE_475.7",FALSE,FALSE
"RE_476",FALSE,FALSE
"RE_477",FALSE,FALSE
"RE_477.1",FALSE,FALSE
"RE_477.2",FALSE,FALSE
"RE_477.3",FALSE,FALSE
"RE_478",FALSE,FALSE
"RE_479",FALSE,FALSE
"RE_479.1",FALSE,FALSE
"RE_479.3",FALSE,FALSE
"RE_479.31",FALSE,FALSE
"RE_479.32",FALSE,FALSE
"RE_479.6",FALSE,FALSE
"RE_480",FALSE,FALSE
"RE_480.1",FALSE,FALSE
"RE_480.2",FALSE,FALSE
"RE_481",FALSE,FALSE
"RE_481.1",FALSE,FALSE
"RE_481.2",FALSE,FALSE
"RE_481.3",FALSE,FALSE
"RE_481.4",FALSE,FALSE
"RE_481.41",FALSE,FALSE
"RE_481.42",FALSE,FALSE
"RE_481.43",FALSE,FALSE
"RE_481.44",FALSE,FALSE
"RE_481.45",FALSE,FALSE
"RE_481.46",FALSE,FALSE
"RE_481.5",FALSE,FALSE
"RE_481.6",FALSE,FALSE
"RE_481.7",FALSE,FALSE
"RE_482",FALSE,FALSE
"RE_482.1",FALSE,FALSE
"RE_482.2",FALSE,FALSE
"RE_483",FALSE,FALSE
"RE_484",FALSE,FALSE
"RE_484.1",FALSE,FALSE
"RE_484.2",FALSE,FALSE
"RE_484.3",FALSE,FALSE
"RE_484.4",FALSE,FALSE
"RE_486",FALSE,FALSE
"RE_486.3",FALSE,FALSE
"RE_486.5",FALSE,FALSE
"RE_486.7",FALSE,FALSE
"RE_487",FALSE,FALSE
"RE_487.1",FALSE,FALSE
"RE_487.2",FALSE,FALSE
"RE_487.3",FALSE,FALSE
"RE_488",FALSE,FALSE
"RE_488.1",FALSE,FALSE
"RE_488.11",FALSE,FALSE
"RE_488.2",FALSE,FALSE
"RE_488.3",FALSE,FALSE
"RE_488.4",FALSE,FALSE
"RE_488.5",FALSE,FALSE
"RE_488.6",FALSE,FALSE
"RE_488.7",FALSE,FALSE
"RE_488.8",FALSE,FALSE
"RE_488.9",FALSE,FALSE
"RE_489",FALSE,FALSE
"RE_489.1",FALSE,FALSE
"RE_491",FALSE,FALSE
"RE_492",FALSE,FALSE
"RE_494",FALSE,FALSE
"RE_494.1",FALSE,FALSE
"RE_494.2",FALSE,FALSE
"RE_494.3",FALSE,FALSE
"RE_494.4",FALSE,FALSE
"RE_495",FALSE,FALSE
"RE_495.1",FALSE,FALSE
"RE_496",FALSE,FALSE
"RE_497",FALSE,FALSE
"RE_498",FALSE,FALSE
"RE_498.1",FALSE,FALSE
"RE_498.2",FALSE,FALSE
"RE_499",FALSE,FALSE
"RE_499.1",FALSE,FALSE
"RE_499.11",FALSE,FALSE
"RE_499.12",FALSE,FALSE
"RE_499.2",FALSE,FALSE
"RE_499.3",FALSE,FALSE
"RE_499.4",FALSE,FALSE
"SO_360",FALSE,FALSE
"SO_360.1",FALSE,FALSE
"SO_360.2",FALSE,FALSE
"SO_360.4",FALSE,FALSE
"SO_360.41",FALSE,FALSE
"SO_360.42",FALSE,FALSE
"SO_360.5",FALSE,FALSE
"SO_360.51",FALSE,FALSE
"SO_360.52",FALSE,FALSE
"SO_360.53",FALSE,FALSE
"SO_360.54",FALSE,FALSE
"SO_360.6",FALSE,FALSE
"SO_361",FALSE,FALSE
"SO_361.1",FALSE,FALSE
"SO_361.12",FALSE,FALSE
"SO_361.13",FALSE,FALSE
"SO_361.14",FALSE,FALSE
"SO_361.15",FALSE,FALSE
"SO_361.2",FALSE,FALSE
"SO_361.22",FALSE,FALSE
"SO_361.24",FALSE,FALSE
"SO_361.25",FALSE,FALSE
"SO_361.3",FALSE,FALSE
"SO_361.32",FALSE,FALSE
"SO_361.33",FALSE,FALSE
"SO_361.35",FALSE,FALSE
"SO_361.36",FALSE,FALSE
"SO_361.4",FALSE,FALSE
"SO_361.5",FALSE,FALSE
"SO_361.6",FALSE,FALSE
"SO_361.8",FALSE,FALSE
"SO_361.9",FALSE,FALSE
"SO_361.92",FALSE,FALSE
"SO_361.93",FALSE,FALSE
"SO_361.94",FALSE,FALSE
"SO_362",FALSE,FALSE
"SO_362.1",FALSE,FALSE
"SO_362.2",FALSE,FALSE
"SO_362.3",FALSE,FALSE
"SO_362.4",FALSE,FALSE
"SO_362.5",FALSE,FALSE
"SO_362.6",FALSE,FALSE
"SO_362.7",FALSE,FALSE
"SO_362.8",FALSE,FALSE
"SO_363",FALSE,FALSE
"SO_363.1",FALSE,FALSE
"SO_363.2",FALSE,FALSE
"SO_363.3",FALSE,FALSE
"SO_363.4",FALSE,FALSE
"SO_363.5",FALSE,FALSE
"SO_363.51",FALSE,FALSE
"SO_363.52",FALSE,FALSE
"SO_363.6",FALSE,FALSE
"SO_363.61",FALSE,FALSE
"SO_363.62",FALSE,FALSE
"SO_363.63",FALSE,FALSE
"SO_363.7",FALSE,FALSE
"SO_365",FALSE,FALSE
"SO_365.1",FALSE,FALSE
"SO_365.2",FALSE,FALSE
"SO_365.3",FALSE,FALSE
"SO_365.4",FALSE,FALSE
"SO_365.5",FALSE,FALSE
"SO_365.6",FALSE,FALSE
"SO_366",FALSE,FALSE
"SO_366.1",FALSE,FALSE
"SO_366.2",FALSE,FALSE
"SO_366.21",FALSE,FALSE
"SO_366.3",FALSE,FALSE
"SO_366.4",FALSE,FALSE
"SO_366.42",FALSE,FALSE
"SO_366.5",FALSE,FALSE
"SO_366.6",FALSE,FALSE
"SO_367",FALSE,FALSE
"SO_367.1",FALSE,FALSE
"SO_367.11",FALSE,FALSE
"SO_367.12",FALSE,FALSE
"SO_367.13",FALSE,FALSE
"SO_367.2",FALSE,FALSE
"SO_367.21",FALSE,FALSE
"SO_367.22",FALSE,FALSE
"SO_367.3",FALSE,FALSE
"SO_367.31",FALSE,FALSE
"SO_367.32",FALSE,FALSE
"SO_367.4",FALSE,FALSE
"SO_367.41",FALSE,FALSE
"SO_367.42",FALSE,FALSE
"SO_367.5",FALSE,FALSE
"SO_367.51",FALSE,FALSE
"SO_367.52",FALSE,FALSE
"SO_367.53",FALSE,FALSE
"SO_367.56",FALSE,FALSE
"SO_367.6",FALSE,FALSE
"SO_367.7",FALSE,FALSE
"SO_367.8",FALSE,FALSE
"SO_367.9",FALSE,FALSE
"SO_368",FALSE,FALSE
"SO_368.1",FALSE,FALSE
"SO_368.2",FALSE,FALSE
"SO_369",FALSE,FALSE
"SO_369.1",FALSE,FALSE
"SO_369.11",FALSE,FALSE
"SO_369.12",FALSE,FALSE
"SO_369.14",FALSE,FALSE
"SO_369.15",FALSE,FALSE
"SO_369.2",FALSE,FALSE
"SO_369.3",FALSE,FALSE
"SO_369.4",FALSE,FALSE
"SO_369.42",FALSE,FALSE
"SO_369.43",FALSE,FALSE
"SO_369.44",FALSE,FALSE
"SO_369.6",FALSE,FALSE
"SO_369.61",FALSE,FALSE
"SO_369.62",FALSE,FALSE
"SO_369.7",FALSE,FALSE
"SO_370",FALSE,FALSE
"SO_370.1",FALSE,FALSE
"SO_370.11",FALSE,FALSE
"SO_370.2",FALSE,FALSE
"SO_370.3",FALSE,FALSE
"SO_370.4",FALSE,FALSE
"SO_370.41",FALSE,FALSE
"SO_370.6",FALSE,FALSE
"SO_371",FALSE,FALSE
"SO_371.1",FALSE,FALSE
"SO_371.2",FALSE,FALSE
"SO_371.21",FALSE,FALSE
"SO_371.22",FALSE,FALSE
"SO_371.3",FALSE,FALSE
"SO_371.4",FALSE,FALSE
"SO_372",FALSE,FALSE
"SO_372.1",FALSE,FALSE
"SO_372.2",FALSE,FALSE
"SO_373",FALSE,FALSE
"SO_373.1",FALSE,FALSE
"SO_373.2",FALSE,FALSE
"SO_373.5",FALSE,FALSE
"SO_374",FALSE,FALSE
"SO_374.1",FALSE,FALSE
"SO_374.11",FALSE,FALSE
"SO_374.12",FALSE,FALSE
"SO_374.13",FALSE,FALSE
"SO_374.14",FALSE,FALSE
"SO_374.2",FALSE,FALSE
"SO_374.21",FALSE,FALSE
"SO_374.22",FALSE,FALSE
"SO_374.3",FALSE,FALSE
"SO_374.32",FALSE,FALSE
"SO_374.33",FALSE,FALSE
"SO_374.34",FALSE,FALSE
"SO_374.35",FALSE,FALSE
"SO_374.36",FALSE,FALSE
"SO_374.4",FALSE,FALSE
"SO_374.41",FALSE,FALSE
"SO_374.42",FALSE,FALSE
"SO_374.43",FALSE,FALSE
"SO_374.44",FALSE,FALSE
"SO_374.5",FALSE,FALSE
"SO_374.51",FALSE,FALSE
"SO_374.511",FALSE,FALSE
"SO_374.512",FALSE,FALSE
"SO_374.53",FALSE,FALSE
"SO_374.54",FALSE,FALSE
"SO_374.6",FALSE,FALSE
"SO_374.61",FALSE,FALSE
"SO_374.7",FALSE,FALSE
"SO_374.71",FALSE,FALSE
"SO_374.72",FALSE,FALSE
"SO_374.73",FALSE,FALSE
"SO_374.74",FALSE,FALSE
"SO_374.8",FALSE,FALSE
"SO_374.9",FALSE,FALSE
"SO_374.91",FALSE,FALSE
"SO_375",FALSE,FALSE
"SO_375.1",FALSE,FALSE
"SO_375.11",FALSE,FALSE
"SO_375.111",FALSE,FALSE
"SO_375.112",FALSE,FALSE
"SO_375.113",FALSE,FALSE
"SO_375.12",FALSE,FALSE
"SO_375.6",FALSE,FALSE
"SO_375.61",FALSE,FALSE
"SO_375.7",FALSE,FALSE
"SO_376",FALSE,FALSE
"SO_376.1",FALSE,FALSE
"SO_376.2",FALSE,FALSE
"SO_376.21",FALSE,FALSE
"SO_376.22",FALSE,FALSE
"SO_376.3",FALSE,FALSE
"SO_376.4",FALSE,FALSE
"SO_377",FALSE,FALSE
"SO_377.1",FALSE,FALSE
"SO_377.2",FALSE,FALSE
"SO_377.3",FALSE,FALSE
"SO_377.4",FALSE,FALSE
"SO_377.5",FALSE,FALSE
"SO_377.6",FALSE,FALSE
"SO_377.7",FALSE,FALSE
"SO_377.8",FALSE,FALSE
"SO_379",FALSE,FALSE
"SO_379.2",FALSE,FALSE
"SO_379.3",FALSE,FALSE
"SO_380",FALSE,FALSE
"SO_380.1",FALSE,FALSE
"SO_380.11",FALSE,FALSE
"SO_380.12",FALSE,FALSE
"SO_380.2",FALSE,FALSE
"SO_380.21",FALSE,FALSE
"SO_380.22",FALSE,FALSE
"SO_380.23",FALSE,FALSE
"SO_380.24",FALSE,FALSE
"SO_380.3",FALSE,FALSE
"SO_380.5",FALSE,FALSE
"SO_380.51",FALSE,FALSE
"SO_381",FALSE,FALSE
"SO_381.1",FALSE,FALSE
"SO_381.11",FALSE,FALSE
"SO_381.3",FALSE,FALSE
"SO_381.31",FALSE,FALSE
"SO_381.32",FALSE,FALSE
"SO_381.4",FALSE,FALSE
"SO_381.41",FALSE,FALSE
"SO_381.5",FALSE,FALSE
"SO_381.6",FALSE,FALSE
"SO_381.7",FALSE,FALSE
"SO_381.8",FALSE,FALSE
"SO_381.81",FALSE,FALSE
"SO_381.82",FALSE,FALSE
"SO_381.83",FALSE,FALSE
"SO_382",FALSE,FALSE
"SO_382.1",FALSE,FALSE
"SO_382.2",FALSE,FALSE
"SO_383",FALSE,FALSE
"SO_383.1",FALSE,FALSE
"SO_383.2",FALSE,FALSE
"SO_384",FALSE,FALSE
"SO_384.1",FALSE,FALSE
"SO_384.2",FALSE,FALSE
"SO_384.3",FALSE,FALSE
"SO_384.4",FALSE,FALSE
"SO_385",FALSE,FALSE
"SO_386",FALSE,FALSE
"SO_386.1",FALSE,FALSE
"SO_386.2",FALSE,FALSE
"SO_386.3",FALSE,FALSE
"SO_386.4",FALSE,FALSE
"SO_386.41",FALSE,FALSE
"SO_386.42",FALSE,FALSE
"SO_386.43",FALSE,FALSE
"SO_386.5",FALSE,FALSE
"SO_386.6",FALSE,FALSE
"SO_386.7",FALSE,FALSE
"SO_386.8",FALSE,FALSE
"SO_386.9",FALSE,FALSE
"SO_387",FALSE,FALSE
"SO_387.1",FALSE,FALSE
"SO_387.2",FALSE,FALSE
"SO_387.21",FALSE,FALSE
"SO_387.3",FALSE,FALSE
"SO_387.4",FALSE,FALSE
"SO_387.5",FALSE,FALSE
"SO_387.6",FALSE,FALSE
"SO_387.8",FALSE,FALSE
"SO_388",FALSE,FALSE
"SO_389",FALSE,FALSE
"SO_389.1",FALSE,FALSE
"SO_389.2",FALSE,FALSE
"SO_390",FALSE,FALSE
"SO_390.1",FALSE,FALSE
"SO_390.2",FALSE,FALSE
"SO_390.4",FALSE,FALSE
"SO_390.5",FALSE,FALSE
"SO_390.6",FALSE,FALSE
"SO_391",FALSE,FALSE
"SO_391.1",FALSE,FALSE
"SO_391.2",FALSE,FALSE
"SO_391.21",FALSE,FALSE
"SO_391.22",FALSE,FALSE
"SO_391.23",FALSE,FALSE
"SO_391.3",FALSE,FALSE
"SO_391.4",FALSE,FALSE
"SO_391.5",FALSE,FALSE
"SO_391.6",FALSE,FALSE
"SO_391.7",FALSE,FALSE
"SO_391.8",FALSE,FALSE
"SO_391.9",FALSE,FALSE
"SO_392",FALSE,FALSE
"SO_392.1",FALSE,FALSE
"SO_392.2",FALSE,FALSE
"SO_393",FALSE,FALSE
"SO_394",FALSE,FALSE
"SO_394.1",FALSE,FALSE
"SO_394.2",FALSE,FALSE
"SO_394.21",FALSE,FALSE
"SO_394.22",FALSE,FALSE
"SO_394.23",FALSE,FALSE
"SO_394.4",FALSE,FALSE
"SO_395",FALSE,FALSE
"SO_395.1",FALSE,FALSE
"SO_395.2",FALSE,FALSE
"SO_396",FALSE,FALSE
"SO_396.1",FALSE,FALSE
"SO_396.2",FALSE,FALSE
"SO_396.3",FALSE,FALSE
"SO_396.4",FALSE,FALSE
"SO_396.5",FALSE,FALSE
"SO_396.6",FALSE,FALSE
"SO_396.7",FALSE,FALSE
"SO_396.8",FALSE,FALSE
"SO_396.9",FALSE,FALSE
"SO_397",FALSE,FALSE
"SO_397.1",FALSE,FALSE
"SO_397.11",FALSE,FALSE
"SO_397.2",FALSE,FALSE
"SO_397.3",FALSE,FALSE
"SO_398",FALSE,FALSE
"SO_399",FALSE,FALSE
"SS_800",FALSE,FALSE
"SS_800.1",FALSE,FALSE
"SS_800.11",FALSE,FALSE
"SS_800.2",FALSE,FALSE
"SS_800.3",FALSE,FALSE
"SS_805",FALSE,FALSE
"SS_806",FALSE,FALSE
"SS_807",FALSE,FALSE
"SS_807.1",FALSE,FALSE
"SS_807.11",FALSE,FALSE
"SS_807.2",FALSE,FALSE
"SS_807.21",FALSE,FALSE
"SS_807.3",FALSE,FALSE
"SS_808",FALSE,FALSE
"SS_808.1",FALSE,FALSE
"SS_809",FALSE,FALSE
"SS_809.1",FALSE,FALSE
"SS_809.2",FALSE,FALSE
"SS_809.21",FALSE,FALSE
"SS_809.22",FALSE,FALSE
"SS_809.3",FALSE,FALSE
"SS_809.31",FALSE,FALSE
"SS_809.32",FALSE,FALSE
"SS_809.33",FALSE,FALSE
"SS_809.34",FALSE,FALSE
"SS_810",FALSE,FALSE
"SS_810.1",FALSE,FALSE
"SS_810.2",FALSE,FALSE
"SS_810.3",FALSE,FALSE
"SS_811",FALSE,FALSE
"SS_812",FALSE,FALSE
"SS_812.1",FALSE,FALSE
"SS_812.2",FALSE,FALSE
"SS_813",FALSE,FALSE
"SS_814",FALSE,FALSE
"SS_815",FALSE,FALSE
"SS_817",FALSE,FALSE
"SS_819",FALSE,FALSE
"SS_820",FALSE,FALSE
"SS_821",FALSE,FALSE
"SS_821.1",FALSE,FALSE
"SS_822",FALSE,FALSE
"SS_822.8",FALSE,FALSE
"SS_822.81",FALSE,FALSE
"SS_822.82",FALSE,FALSE
"SS_823",FALSE,FALSE
"SS_823.1",FALSE,FALSE
"SS_823.2",FALSE,FALSE
"SS_824",FALSE,FALSE
"SS_824.1",FALSE,FALSE
"SS_824.2",FALSE,FALSE
"SS_824.3",FALSE,FALSE
"SS_825",FALSE,FALSE
"SS_826",FALSE,FALSE
"SS_826.1",FALSE,FALSE
"SS_826.2",FALSE,FALSE
"SS_826.3",FALSE,FALSE
"SS_826.4",FALSE,FALSE
"SS_827",FALSE,FALSE
"SS_827.1",FALSE,FALSE
"SS_829",FALSE,FALSE
"SS_829.1",FALSE,FALSE
"SS_829.2",FALSE,FALSE
"SS_829.3",FALSE,FALSE
"SS_830",FALSE,FALSE
"SS_831",FALSE,FALSE
"SS_832",FALSE,FALSE
"SS_832.1",FALSE,FALSE
"SS_832.2",FALSE,FALSE
"SS_832.4",FALSE,FALSE
"SS_832.5",FALSE,FALSE
"SS_832.6",FALSE,FALSE
"SS_832.7",FALSE,FALSE
"SS_832.8",FALSE,FALSE
"SS_832.9",FALSE,FALSE
"SS_834",FALSE,FALSE
"SS_834.1",FALSE,FALSE
"SS_834.3",FALSE,FALSE
"SS_835",FALSE,FALSE
"SS_835.1",FALSE,FALSE
"SS_840",FALSE,FALSE
"SS_840.1",FALSE,FALSE
"SS_840.11",FALSE,FALSE
"SS_840.12",FALSE,FALSE
"SS_840.13",FALSE,FALSE
"SS_840.14",FALSE,FALSE
"SS_840.15",FALSE,FALSE
"SS_840.16",FALSE,FALSE
"SS_840.17",FALSE,FALSE
"SS_840.18",FALSE,FALSE
"SS_840.2",FALSE,FALSE
"SS_840.4",FALSE,FALSE
"SS_840.5",FALSE,FALSE
"SS_840.6",FALSE,FALSE
"SS_840.61",FALSE,FALSE
"SS_840.611",FALSE,FALSE
"SS_840.612",FALSE,FALSE
"SS_840.613",FALSE,FALSE
"SS_840.62",FALSE,FALSE
"SS_840.63",FALSE,FALSE
"SS_840.64",FALSE,FALSE
"SS_840.65",FALSE,FALSE
"SS_840.8",FALSE,FALSE
"SS_840.9",FALSE,FALSE
"SS_844",FALSE,FALSE
"SS_847",FALSE,FALSE
"SS_847.1",FALSE,FALSE
"SS_847.2",FALSE,FALSE
"SS_847.3",FALSE,FALSE
"SS_847.4",FALSE,FALSE
"SS_847.5",FALSE,FALSE
"SS_847.6",FALSE,FALSE
"SS_847.7",FALSE,FALSE
"SS_847.8",FALSE,FALSE
"SS_848",FALSE,FALSE
"SS_849",FALSE,FALSE
"SS_849.1",FALSE,FALSE
"SS_849.3",FALSE,FALSE
"SS_849.4",FALSE,FALSE
